Copyright 1986-2022 Xilinx, Inc. All Rights Reserved. Copyright 2022-2023 Advanced Micro Devices, Inc. All Rights Reserved.
------------------------------------------------------------------------------------------------------------------------------------------------------------------------------------------------------------------------------
| Tool Version : Vivado v.2023.2 (win64) Build 4029153 Fri Oct 13 20:14:34 MDT 2023
| Date         : Wed Jul 10 18:22:19 2024
| Host         : DESKTOP-096M6QE running 64-bit major release  (build 9200)
| Command      : report_timing_summary -max_paths 10 -report_unconstrained -file top_pmodVGA_timing_summary_routed.rpt -pb top_pmodVGA_timing_summary_routed.pb -rpx top_pmodVGA_timing_summary_routed.rpx -warn_on_violation
| Design       : top_pmodVGA
| Device       : 7z007s-clg400
| Speed File   : -1  PRODUCTION 1.12 2019-11-22
| Design State : Routed
------------------------------------------------------------------------------------------------------------------------------------------------------------------------------------------------------------------------------

Timing Summary Report

------------------------------------------------------------------------------------------------
| Timer Settings
| --------------
------------------------------------------------------------------------------------------------

  Enable Multi Corner Analysis               :  Yes
  Enable Pessimism Removal                   :  Yes
  Pessimism Removal Resolution               :  Nearest Common Node
  Enable Input Delay Default Clock           :  No
  Enable Preset / Clear Arcs                 :  No
  Disable Flight Delays                      :  No
  Ignore I/O Paths                           :  No
  Timing Early Launch at Borrowing Latches   :  No
  Borrow Time for Max Delay Exceptions       :  Yes
  Merge Timing Exceptions                    :  Yes
  Inter-SLR Compensation                     :  Conservative

  Corner  Analyze    Analyze    
  Name    Max Paths  Min Paths  
  ------  ---------  ---------  
  Slow    Yes        Yes        
  Fast    Yes        Yes        


------------------------------------------------------------------------------------------------
| Report Methodology
| ------------------
------------------------------------------------------------------------------------------------

Rule       Severity          Description                  Violations  
---------  ----------------  ---------------------------  ----------  
TIMING-17  Critical Warning  Non-clocked sequential cell  13          

Note: This report is based on the most recent report_methodology run and may not be up-to-date. Run report_methodology on the current design for the latest report.



check_timing report

Table of Contents
-----------------
1. checking no_clock (13)
2. checking constant_clock (0)
3. checking pulse_width_clock (0)
4. checking unconstrained_internal_endpoints (37)
5. checking no_input_delay (0)
6. checking no_output_delay (14)
7. checking multiple_clock (0)
8. checking generated_clocks (0)
9. checking loops (0)
10. checking partial_input_delay (0)
11. checking partial_output_delay (0)
12. checking latch_loops (0)

1. checking no_clock (13)
-------------------------
 There are 13 register/latch pins with no clock driven by root clock pin: myVga/v_clk_reg/Q (HIGH)


2. checking constant_clock (0)
------------------------------
 There are 0 register/latch pins with constant_clock.


3. checking pulse_width_clock (0)
---------------------------------
 There are 0 register/latch pins which need pulse_width check


4. checking unconstrained_internal_endpoints (37)
-------------------------------------------------
 There are 37 pins that are not constrained for maximum delay. (HIGH)

 There are 0 pins that are not constrained for maximum delay due to constant clock.


5. checking no_input_delay (0)
------------------------------
 There are 0 input ports with no input delay specified.

 There are 0 input ports with no input delay but user has a false path constraint.


6. checking no_output_delay (14)
--------------------------------
 There are 14 ports with no output delay specified. (HIGH)

 There are 0 ports with no output delay but user has a false path constraint

 There are 0 ports with no output delay but with a timing clock defined on it or propagating through it


7. checking multiple_clock (0)
------------------------------
 There are 0 register/latch pins with multiple clocks.


8. checking generated_clocks (0)
--------------------------------
 There are 0 generated clocks that are not connected to a clock source.


9. checking loops (0)
---------------------
 There are 0 combinational loops in the design.


10. checking partial_input_delay (0)
------------------------------------
 There are 0 input ports with partial input delay specified.


11. checking partial_output_delay (0)
-------------------------------------
 There are 0 ports with partial output delay specified.


12. checking latch_loops (0)
----------------------------
 There are 0 combinational latch loops in the design through latch input



------------------------------------------------------------------------------------------------
| Design Timing Summary
| ---------------------
------------------------------------------------------------------------------------------------

    WNS(ns)      TNS(ns)  TNS Failing Endpoints  TNS Total Endpoints      WHS(ns)      THS(ns)  THS Failing Endpoints  THS Total Endpoints     WPWS(ns)     TPWS(ns)  TPWS Failing Endpoints  TPWS Total Endpoints  
    -------      -------  ---------------------  -------------------      -------      -------  ---------------------  -------------------     --------     --------  ----------------------  --------------------  
      3.089        0.000                      0                   26        0.288        0.000                      0                   26        2.867        0.000                       0                    20  


All user specified timing constraints are met.


------------------------------------------------------------------------------------------------
| Clock Summary
| -------------
------------------------------------------------------------------------------------------------

Clock                  Waveform(ns)         Period(ns)      Frequency(MHz)
-----                  ------------         ----------      --------------
clk                    {0.000 5.000}        10.000          100.000         
  clk_148_5_clk_wiz_0  {0.000 3.367}        6.734           148.500         
  clkfbout_clk_wiz_0   {0.000 20.000}       40.000          25.000          


------------------------------------------------------------------------------------------------
| Intra Clock Table
| -----------------
------------------------------------------------------------------------------------------------

Clock                      WNS(ns)      TNS(ns)  TNS Failing Endpoints  TNS Total Endpoints      WHS(ns)      THS(ns)  THS Failing Endpoints  THS Total Endpoints     WPWS(ns)     TPWS(ns)  TPWS Failing Endpoints  TPWS Total Endpoints  
-----                      -------      -------  ---------------------  -------------------      -------      -------  ---------------------  -------------------     --------     --------  ----------------------  --------------------  
clk                                                                                                                                                                      3.000        0.000                       0                     1  
  clk_148_5_clk_wiz_0        3.089        0.000                      0                   26        0.288        0.000                      0                   26        2.867        0.000                       0                    16  
  clkfbout_clk_wiz_0                                                                                                                                                    37.845        0.000                       0                     3  


------------------------------------------------------------------------------------------------
| Inter Clock Table
| -----------------
------------------------------------------------------------------------------------------------

From Clock    To Clock          WNS(ns)      TNS(ns)  TNS Failing Endpoints  TNS Total Endpoints      WHS(ns)      THS(ns)  THS Failing Endpoints  THS Total Endpoints  
----------    --------          -------      -------  ---------------------  -------------------      -------      -------  ---------------------  -------------------  


------------------------------------------------------------------------------------------------
| Other Path Groups Table
| -----------------------
------------------------------------------------------------------------------------------------

Path Group    From Clock    To Clock          WNS(ns)      TNS(ns)  TNS Failing Endpoints  TNS Total Endpoints      WHS(ns)      THS(ns)  THS Failing Endpoints  THS Total Endpoints  
----------    ----------    --------          -------      -------  ---------------------  -------------------      -------      -------  ---------------------  -------------------  


------------------------------------------------------------------------------------------------
| User Ignored Path Table
| -----------------------
------------------------------------------------------------------------------------------------

Path Group    From Clock    To Clock    
----------    ----------    --------    


------------------------------------------------------------------------------------------------
| Unconstrained Path Table
| ------------------------
------------------------------------------------------------------------------------------------

Path Group           From Clock           To Clock           
----------           ----------           --------           
(none)                                                         
(none)               clk_148_5_clk_wiz_0                       
(none)               clkfbout_clk_wiz_0                        


------------------------------------------------------------------------------------------------
| Timing Details
| --------------
------------------------------------------------------------------------------------------------


---------------------------------------------------------------------------------------------------
From Clock:  clk
  To Clock:  clk

Setup :           NA  Failing Endpoints,  Worst Slack           NA  ,  Total Violation           NA
Hold  :           NA  Failing Endpoints,  Worst Slack           NA  ,  Total Violation           NA
PW    :            0  Failing Endpoints,  Worst Slack        3.000ns,  Total Violation        0.000ns
---------------------------------------------------------------------------------------------------


Pulse Width Checks
--------------------------------------------------------------------------------------
Clock Name:         clk
Waveform(ns):       { 0.000 5.000 }
Period(ns):         10.000
Sources:            { clk }

Check Type        Corner  Lib Pin            Reference Pin  Required(ns)  Actual(ns)  Slack(ns)  Location         Pin
Min Period        n/a     MMCME2_ADV/CLKIN1  n/a            1.249         10.000      8.751      MMCME2_ADV_X0Y1  myClks/inst/mmcm_adv_inst/CLKIN1
Max Period        n/a     MMCME2_ADV/CLKIN1  n/a            100.000       10.000      90.000     MMCME2_ADV_X0Y1  myClks/inst/mmcm_adv_inst/CLKIN1
Low Pulse Width   Slow    MMCME2_ADV/CLKIN1  n/a            2.000         5.000       3.000      MMCME2_ADV_X0Y1  myClks/inst/mmcm_adv_inst/CLKIN1
Low Pulse Width   Fast    MMCME2_ADV/CLKIN1  n/a            2.000         5.000       3.000      MMCME2_ADV_X0Y1  myClks/inst/mmcm_adv_inst/CLKIN1
High Pulse Width  Slow    MMCME2_ADV/CLKIN1  n/a            2.000         5.000       3.000      MMCME2_ADV_X0Y1  myClks/inst/mmcm_adv_inst/CLKIN1
High Pulse Width  Fast    MMCME2_ADV/CLKIN1  n/a            2.000         5.000       3.000      MMCME2_ADV_X0Y1  myClks/inst/mmcm_adv_inst/CLKIN1



---------------------------------------------------------------------------------------------------
From Clock:  clk_148_5_clk_wiz_0
  To Clock:  clk_148_5_clk_wiz_0

Setup :            0  Failing Endpoints,  Worst Slack        3.089ns,  Total Violation        0.000ns
Hold  :            0  Failing Endpoints,  Worst Slack        0.288ns,  Total Violation        0.000ns
PW    :            0  Failing Endpoints,  Worst Slack        2.867ns,  Total Violation        0.000ns
---------------------------------------------------------------------------------------------------


Max Delay Paths
--------------------------------------------------------------------------------------
Slack (MET) :             3.089ns  (required time - arrival time)
  Source:                 myVga/h_ctr_reg[8]/C
                            (rising edge-triggered cell FDRE clocked by clk_148_5_clk_wiz_0  {rise@0.000ns fall@3.367ns period=6.734ns})
  Destination:            myVga/h_ctr_reg[1]/R
                            (rising edge-triggered cell FDRE clocked by clk_148_5_clk_wiz_0  {rise@0.000ns fall@3.367ns period=6.734ns})
  Path Group:             clk_148_5_clk_wiz_0
  Path Type:              Setup (Max at Slow Process Corner)
  Requirement:            6.734ns  (clk_148_5_clk_wiz_0 rise@6.734ns - clk_148_5_clk_wiz_0 rise@0.000ns)
  Data Path Delay:        3.077ns  (logic 0.828ns (26.911%)  route 2.249ns (73.089%))
  Logic Levels:           3  (LUT4=1 LUT5=1 LUT6=1)
  Clock Path Skew:        -0.025ns (DCD - SCD + CPR)
    Destination Clock Delay (DCD):    -1.309ns = ( 5.425 - 6.734 ) 
    Source Clock Delay      (SCD):    -0.660ns
    Clock Pessimism Removal (CPR):    0.624ns
  Clock Uncertainty:      0.114ns  ((TSJ^2 + DJ^2)^1/2) / 2 + PE
    Total System Jitter     (TSJ):    0.071ns
    Discrete Jitter          (DJ):    0.218ns
    Phase Error              (PE):    0.000ns

    Location             Delay type                Incr(ns)  Path(ns)    Netlist Resource(s)
  -------------------------------------------------------------------    -------------------
                         (clock clk_148_5_clk_wiz_0 rise edge)
                                                      0.000     0.000 r  
    H16                                               0.000     0.000 r  clk (IN)
                         net (fo=0)                   0.000     0.000    myClks/inst/clk_in1
    H16                  IBUF (Prop_ibuf_I_O)         1.457     1.457 r  myClks/inst/clkin1_ibufg/O
                         net (fo=1, routed)           1.285     2.742    myClks/inst/clk_in1_clk_wiz_0
    MMCME2_ADV_X0Y1      MMCME2_ADV (Prop_mmcme2_adv_CLKIN1_CLKOUT0)
                                                     -6.996    -4.254 r  myClks/inst/mmcm_adv_inst/CLKOUT0
                         net (fo=1, routed)           1.760    -2.494    myClks/inst/clk_148_5_clk_wiz_0
    BUFGCTRL_X0Y16       BUFG (Prop_bufg_I_O)         0.101    -2.393 r  myClks/inst/clkout1_buf/O
                         net (fo=14, routed)          1.733    -0.660    myVga/clk_148_5
    SLICE_X36Y86         FDRE                                         r  myVga/h_ctr_reg[8]/C
  -------------------------------------------------------------------    -------------------
    SLICE_X36Y86         FDRE (Prop_fdre_C_Q)         0.456    -0.204 f  myVga/h_ctr_reg[8]/Q
                         net (fo=8, routed)           0.875     0.671    myVga/x_pos[8]
    SLICE_X38Y85         LUT4 (Prop_lut4_I3_O)        0.124     0.795 f  myVga/h_ctr[11]_i_4/O
                         net (fo=1, routed)           0.452     1.247    myVga/h_ctr[11]_i_4_n_0
    SLICE_X38Y85         LUT5 (Prop_lut5_I4_O)        0.124     1.371 f  myVga/h_ctr[11]_i_3/O
                         net (fo=1, routed)           0.283     1.655    myVga/h_ctr[11]_i_3_n_0
    SLICE_X37Y85         LUT6 (Prop_lut6_I1_O)        0.124     1.779 r  myVga/h_ctr[11]_i_1/O
                         net (fo=11, routed)          0.638     2.417    myVga/h_ctr[11]_i_1_n_0
    SLICE_X36Y85         FDRE                                         r  myVga/h_ctr_reg[1]/R
  -------------------------------------------------------------------    -------------------

                         (clock clk_148_5_clk_wiz_0 rise edge)
                                                      6.734     6.734 r  
    H16                                               0.000     6.734 r  clk (IN)
                         net (fo=0)                   0.000     6.734    myClks/inst/clk_in1
    H16                  IBUF (Prop_ibuf_I_O)         1.387     8.121 r  myClks/inst/clkin1_ibufg/O
                         net (fo=1, routed)           1.162     9.283    myClks/inst/clk_in1_clk_wiz_0
    MMCME2_ADV_X0Y1      MMCME2_ADV (Prop_mmcme2_adv_CLKIN1_CLKOUT0)
                                                     -7.105     2.178 r  myClks/inst/mmcm_adv_inst/CLKOUT0
                         net (fo=1, routed)           1.599     3.777    myClks/inst/clk_148_5_clk_wiz_0
    BUFGCTRL_X0Y16       BUFG (Prop_bufg_I_O)         0.091     3.868 r  myClks/inst/clkout1_buf/O
                         net (fo=14, routed)          1.557     5.425    myVga/clk_148_5
    SLICE_X36Y85         FDRE                                         r  myVga/h_ctr_reg[1]/C
                         clock pessimism              0.624     6.049    
                         clock uncertainty           -0.114     5.935    
    SLICE_X36Y85         FDRE (Setup_fdre_C_R)       -0.429     5.506    myVga/h_ctr_reg[1]
  -------------------------------------------------------------------
                         required time                          5.506    
                         arrival time                          -2.417    
  -------------------------------------------------------------------
                         slack                                  3.089    

Slack (MET) :             3.089ns  (required time - arrival time)
  Source:                 myVga/h_ctr_reg[8]/C
                            (rising edge-triggered cell FDRE clocked by clk_148_5_clk_wiz_0  {rise@0.000ns fall@3.367ns period=6.734ns})
  Destination:            myVga/h_ctr_reg[2]/R
                            (rising edge-triggered cell FDRE clocked by clk_148_5_clk_wiz_0  {rise@0.000ns fall@3.367ns period=6.734ns})
  Path Group:             clk_148_5_clk_wiz_0
  Path Type:              Setup (Max at Slow Process Corner)
  Requirement:            6.734ns  (clk_148_5_clk_wiz_0 rise@6.734ns - clk_148_5_clk_wiz_0 rise@0.000ns)
  Data Path Delay:        3.077ns  (logic 0.828ns (26.911%)  route 2.249ns (73.089%))
  Logic Levels:           3  (LUT4=1 LUT5=1 LUT6=1)
  Clock Path Skew:        -0.025ns (DCD - SCD + CPR)
    Destination Clock Delay (DCD):    -1.309ns = ( 5.425 - 6.734 ) 
    Source Clock Delay      (SCD):    -0.660ns
    Clock Pessimism Removal (CPR):    0.624ns
  Clock Uncertainty:      0.114ns  ((TSJ^2 + DJ^2)^1/2) / 2 + PE
    Total System Jitter     (TSJ):    0.071ns
    Discrete Jitter          (DJ):    0.218ns
    Phase Error              (PE):    0.000ns

    Location             Delay type                Incr(ns)  Path(ns)    Netlist Resource(s)
  -------------------------------------------------------------------    -------------------
                         (clock clk_148_5_clk_wiz_0 rise edge)
                                                      0.000     0.000 r  
    H16                                               0.000     0.000 r  clk (IN)
                         net (fo=0)                   0.000     0.000    myClks/inst/clk_in1
    H16                  IBUF (Prop_ibuf_I_O)         1.457     1.457 r  myClks/inst/clkin1_ibufg/O
                         net (fo=1, routed)           1.285     2.742    myClks/inst/clk_in1_clk_wiz_0
    MMCME2_ADV_X0Y1      MMCME2_ADV (Prop_mmcme2_adv_CLKIN1_CLKOUT0)
                                                     -6.996    -4.254 r  myClks/inst/mmcm_adv_inst/CLKOUT0
                         net (fo=1, routed)           1.760    -2.494    myClks/inst/clk_148_5_clk_wiz_0
    BUFGCTRL_X0Y16       BUFG (Prop_bufg_I_O)         0.101    -2.393 r  myClks/inst/clkout1_buf/O
                         net (fo=14, routed)          1.733    -0.660    myVga/clk_148_5
    SLICE_X36Y86         FDRE                                         r  myVga/h_ctr_reg[8]/C
  -------------------------------------------------------------------    -------------------
    SLICE_X36Y86         FDRE (Prop_fdre_C_Q)         0.456    -0.204 f  myVga/h_ctr_reg[8]/Q
                         net (fo=8, routed)           0.875     0.671    myVga/x_pos[8]
    SLICE_X38Y85         LUT4 (Prop_lut4_I3_O)        0.124     0.795 f  myVga/h_ctr[11]_i_4/O
                         net (fo=1, routed)           0.452     1.247    myVga/h_ctr[11]_i_4_n_0
    SLICE_X38Y85         LUT5 (Prop_lut5_I4_O)        0.124     1.371 f  myVga/h_ctr[11]_i_3/O
                         net (fo=1, routed)           0.283     1.655    myVga/h_ctr[11]_i_3_n_0
    SLICE_X37Y85         LUT6 (Prop_lut6_I1_O)        0.124     1.779 r  myVga/h_ctr[11]_i_1/O
                         net (fo=11, routed)          0.638     2.417    myVga/h_ctr[11]_i_1_n_0
    SLICE_X36Y85         FDRE                                         r  myVga/h_ctr_reg[2]/R
  -------------------------------------------------------------------    -------------------

                         (clock clk_148_5_clk_wiz_0 rise edge)
                                                      6.734     6.734 r  
    H16                                               0.000     6.734 r  clk (IN)
                         net (fo=0)                   0.000     6.734    myClks/inst/clk_in1
    H16                  IBUF (Prop_ibuf_I_O)         1.387     8.121 r  myClks/inst/clkin1_ibufg/O
                         net (fo=1, routed)           1.162     9.283    myClks/inst/clk_in1_clk_wiz_0
    MMCME2_ADV_X0Y1      MMCME2_ADV (Prop_mmcme2_adv_CLKIN1_CLKOUT0)
                                                     -7.105     2.178 r  myClks/inst/mmcm_adv_inst/CLKOUT0
                         net (fo=1, routed)           1.599     3.777    myClks/inst/clk_148_5_clk_wiz_0
    BUFGCTRL_X0Y16       BUFG (Prop_bufg_I_O)         0.091     3.868 r  myClks/inst/clkout1_buf/O
                         net (fo=14, routed)          1.557     5.425    myVga/clk_148_5
    SLICE_X36Y85         FDRE                                         r  myVga/h_ctr_reg[2]/C
                         clock pessimism              0.624     6.049    
                         clock uncertainty           -0.114     5.935    
    SLICE_X36Y85         FDRE (Setup_fdre_C_R)       -0.429     5.506    myVga/h_ctr_reg[2]
  -------------------------------------------------------------------
                         required time                          5.506    
                         arrival time                          -2.417    
  -------------------------------------------------------------------
                         slack                                  3.089    

Slack (MET) :             3.089ns  (required time - arrival time)
  Source:                 myVga/h_ctr_reg[8]/C
                            (rising edge-triggered cell FDRE clocked by clk_148_5_clk_wiz_0  {rise@0.000ns fall@3.367ns period=6.734ns})
  Destination:            myVga/h_ctr_reg[3]/R
                            (rising edge-triggered cell FDRE clocked by clk_148_5_clk_wiz_0  {rise@0.000ns fall@3.367ns period=6.734ns})
  Path Group:             clk_148_5_clk_wiz_0
  Path Type:              Setup (Max at Slow Process Corner)
  Requirement:            6.734ns  (clk_148_5_clk_wiz_0 rise@6.734ns - clk_148_5_clk_wiz_0 rise@0.000ns)
  Data Path Delay:        3.077ns  (logic 0.828ns (26.911%)  route 2.249ns (73.089%))
  Logic Levels:           3  (LUT4=1 LUT5=1 LUT6=1)
  Clock Path Skew:        -0.025ns (DCD - SCD + CPR)
    Destination Clock Delay (DCD):    -1.309ns = ( 5.425 - 6.734 ) 
    Source Clock Delay      (SCD):    -0.660ns
    Clock Pessimism Removal (CPR):    0.624ns
  Clock Uncertainty:      0.114ns  ((TSJ^2 + DJ^2)^1/2) / 2 + PE
    Total System Jitter     (TSJ):    0.071ns
    Discrete Jitter          (DJ):    0.218ns
    Phase Error              (PE):    0.000ns

    Location             Delay type                Incr(ns)  Path(ns)    Netlist Resource(s)
  -------------------------------------------------------------------    -------------------
                         (clock clk_148_5_clk_wiz_0 rise edge)
                                                      0.000     0.000 r  
    H16                                               0.000     0.000 r  clk (IN)
                         net (fo=0)                   0.000     0.000    myClks/inst/clk_in1
    H16                  IBUF (Prop_ibuf_I_O)         1.457     1.457 r  myClks/inst/clkin1_ibufg/O
                         net (fo=1, routed)           1.285     2.742    myClks/inst/clk_in1_clk_wiz_0
    MMCME2_ADV_X0Y1      MMCME2_ADV (Prop_mmcme2_adv_CLKIN1_CLKOUT0)
                                                     -6.996    -4.254 r  myClks/inst/mmcm_adv_inst/CLKOUT0
                         net (fo=1, routed)           1.760    -2.494    myClks/inst/clk_148_5_clk_wiz_0
    BUFGCTRL_X0Y16       BUFG (Prop_bufg_I_O)         0.101    -2.393 r  myClks/inst/clkout1_buf/O
                         net (fo=14, routed)          1.733    -0.660    myVga/clk_148_5
    SLICE_X36Y86         FDRE                                         r  myVga/h_ctr_reg[8]/C
  -------------------------------------------------------------------    -------------------
    SLICE_X36Y86         FDRE (Prop_fdre_C_Q)         0.456    -0.204 f  myVga/h_ctr_reg[8]/Q
                         net (fo=8, routed)           0.875     0.671    myVga/x_pos[8]
    SLICE_X38Y85         LUT4 (Prop_lut4_I3_O)        0.124     0.795 f  myVga/h_ctr[11]_i_4/O
                         net (fo=1, routed)           0.452     1.247    myVga/h_ctr[11]_i_4_n_0
    SLICE_X38Y85         LUT5 (Prop_lut5_I4_O)        0.124     1.371 f  myVga/h_ctr[11]_i_3/O
                         net (fo=1, routed)           0.283     1.655    myVga/h_ctr[11]_i_3_n_0
    SLICE_X37Y85         LUT6 (Prop_lut6_I1_O)        0.124     1.779 r  myVga/h_ctr[11]_i_1/O
                         net (fo=11, routed)          0.638     2.417    myVga/h_ctr[11]_i_1_n_0
    SLICE_X36Y85         FDRE                                         r  myVga/h_ctr_reg[3]/R
  -------------------------------------------------------------------    -------------------

                         (clock clk_148_5_clk_wiz_0 rise edge)
                                                      6.734     6.734 r  
    H16                                               0.000     6.734 r  clk (IN)
                         net (fo=0)                   0.000     6.734    myClks/inst/clk_in1
    H16                  IBUF (Prop_ibuf_I_O)         1.387     8.121 r  myClks/inst/clkin1_ibufg/O
                         net (fo=1, routed)           1.162     9.283    myClks/inst/clk_in1_clk_wiz_0
    MMCME2_ADV_X0Y1      MMCME2_ADV (Prop_mmcme2_adv_CLKIN1_CLKOUT0)
                                                     -7.105     2.178 r  myClks/inst/mmcm_adv_inst/CLKOUT0
                         net (fo=1, routed)           1.599     3.777    myClks/inst/clk_148_5_clk_wiz_0
    BUFGCTRL_X0Y16       BUFG (Prop_bufg_I_O)         0.091     3.868 r  myClks/inst/clkout1_buf/O
                         net (fo=14, routed)          1.557     5.425    myVga/clk_148_5
    SLICE_X36Y85         FDRE                                         r  myVga/h_ctr_reg[3]/C
                         clock pessimism              0.624     6.049    
                         clock uncertainty           -0.114     5.935    
    SLICE_X36Y85         FDRE (Setup_fdre_C_R)       -0.429     5.506    myVga/h_ctr_reg[3]
  -------------------------------------------------------------------
                         required time                          5.506    
                         arrival time                          -2.417    
  -------------------------------------------------------------------
                         slack                                  3.089    

Slack (MET) :             3.089ns  (required time - arrival time)
  Source:                 myVga/h_ctr_reg[8]/C
                            (rising edge-triggered cell FDRE clocked by clk_148_5_clk_wiz_0  {rise@0.000ns fall@3.367ns period=6.734ns})
  Destination:            myVga/h_ctr_reg[4]/R
                            (rising edge-triggered cell FDRE clocked by clk_148_5_clk_wiz_0  {rise@0.000ns fall@3.367ns period=6.734ns})
  Path Group:             clk_148_5_clk_wiz_0
  Path Type:              Setup (Max at Slow Process Corner)
  Requirement:            6.734ns  (clk_148_5_clk_wiz_0 rise@6.734ns - clk_148_5_clk_wiz_0 rise@0.000ns)
  Data Path Delay:        3.077ns  (logic 0.828ns (26.911%)  route 2.249ns (73.089%))
  Logic Levels:           3  (LUT4=1 LUT5=1 LUT6=1)
  Clock Path Skew:        -0.025ns (DCD - SCD + CPR)
    Destination Clock Delay (DCD):    -1.309ns = ( 5.425 - 6.734 ) 
    Source Clock Delay      (SCD):    -0.660ns
    Clock Pessimism Removal (CPR):    0.624ns
  Clock Uncertainty:      0.114ns  ((TSJ^2 + DJ^2)^1/2) / 2 + PE
    Total System Jitter     (TSJ):    0.071ns
    Discrete Jitter          (DJ):    0.218ns
    Phase Error              (PE):    0.000ns

    Location             Delay type                Incr(ns)  Path(ns)    Netlist Resource(s)
  -------------------------------------------------------------------    -------------------
                         (clock clk_148_5_clk_wiz_0 rise edge)
                                                      0.000     0.000 r  
    H16                                               0.000     0.000 r  clk (IN)
                         net (fo=0)                   0.000     0.000    myClks/inst/clk_in1
    H16                  IBUF (Prop_ibuf_I_O)         1.457     1.457 r  myClks/inst/clkin1_ibufg/O
                         net (fo=1, routed)           1.285     2.742    myClks/inst/clk_in1_clk_wiz_0
    MMCME2_ADV_X0Y1      MMCME2_ADV (Prop_mmcme2_adv_CLKIN1_CLKOUT0)
                                                     -6.996    -4.254 r  myClks/inst/mmcm_adv_inst/CLKOUT0
                         net (fo=1, routed)           1.760    -2.494    myClks/inst/clk_148_5_clk_wiz_0
    BUFGCTRL_X0Y16       BUFG (Prop_bufg_I_O)         0.101    -2.393 r  myClks/inst/clkout1_buf/O
                         net (fo=14, routed)          1.733    -0.660    myVga/clk_148_5
    SLICE_X36Y86         FDRE                                         r  myVga/h_ctr_reg[8]/C
  -------------------------------------------------------------------    -------------------
    SLICE_X36Y86         FDRE (Prop_fdre_C_Q)         0.456    -0.204 f  myVga/h_ctr_reg[8]/Q
                         net (fo=8, routed)           0.875     0.671    myVga/x_pos[8]
    SLICE_X38Y85         LUT4 (Prop_lut4_I3_O)        0.124     0.795 f  myVga/h_ctr[11]_i_4/O
                         net (fo=1, routed)           0.452     1.247    myVga/h_ctr[11]_i_4_n_0
    SLICE_X38Y85         LUT5 (Prop_lut5_I4_O)        0.124     1.371 f  myVga/h_ctr[11]_i_3/O
                         net (fo=1, routed)           0.283     1.655    myVga/h_ctr[11]_i_3_n_0
    SLICE_X37Y85         LUT6 (Prop_lut6_I1_O)        0.124     1.779 r  myVga/h_ctr[11]_i_1/O
                         net (fo=11, routed)          0.638     2.417    myVga/h_ctr[11]_i_1_n_0
    SLICE_X36Y85         FDRE                                         r  myVga/h_ctr_reg[4]/R
  -------------------------------------------------------------------    -------------------

                         (clock clk_148_5_clk_wiz_0 rise edge)
                                                      6.734     6.734 r  
    H16                                               0.000     6.734 r  clk (IN)
                         net (fo=0)                   0.000     6.734    myClks/inst/clk_in1
    H16                  IBUF (Prop_ibuf_I_O)         1.387     8.121 r  myClks/inst/clkin1_ibufg/O
                         net (fo=1, routed)           1.162     9.283    myClks/inst/clk_in1_clk_wiz_0
    MMCME2_ADV_X0Y1      MMCME2_ADV (Prop_mmcme2_adv_CLKIN1_CLKOUT0)
                                                     -7.105     2.178 r  myClks/inst/mmcm_adv_inst/CLKOUT0
                         net (fo=1, routed)           1.599     3.777    myClks/inst/clk_148_5_clk_wiz_0
    BUFGCTRL_X0Y16       BUFG (Prop_bufg_I_O)         0.091     3.868 r  myClks/inst/clkout1_buf/O
                         net (fo=14, routed)          1.557     5.425    myVga/clk_148_5
    SLICE_X36Y85         FDRE                                         r  myVga/h_ctr_reg[4]/C
                         clock pessimism              0.624     6.049    
                         clock uncertainty           -0.114     5.935    
    SLICE_X36Y85         FDRE (Setup_fdre_C_R)       -0.429     5.506    myVga/h_ctr_reg[4]
  -------------------------------------------------------------------
                         required time                          5.506    
                         arrival time                          -2.417    
  -------------------------------------------------------------------
                         slack                                  3.089    

Slack (MET) :             3.223ns  (required time - arrival time)
  Source:                 myVga/h_ctr_reg[8]/C
                            (rising edge-triggered cell FDRE clocked by clk_148_5_clk_wiz_0  {rise@0.000ns fall@3.367ns period=6.734ns})
  Destination:            myVga/h_ctr_reg[10]/R
                            (rising edge-triggered cell FDRE clocked by clk_148_5_clk_wiz_0  {rise@0.000ns fall@3.367ns period=6.734ns})
  Path Group:             clk_148_5_clk_wiz_0
  Path Type:              Setup (Max at Slow Process Corner)
  Requirement:            6.734ns  (clk_148_5_clk_wiz_0 rise@6.734ns - clk_148_5_clk_wiz_0 rise@0.000ns)
  Data Path Delay:        2.943ns  (logic 0.828ns (28.133%)  route 2.115ns (71.867%))
  Logic Levels:           3  (LUT4=1 LUT5=1 LUT6=1)
  Clock Path Skew:        -0.024ns (DCD - SCD + CPR)
    Destination Clock Delay (DCD):    -1.308ns = ( 5.426 - 6.734 ) 
    Source Clock Delay      (SCD):    -0.660ns
    Clock Pessimism Removal (CPR):    0.624ns
  Clock Uncertainty:      0.114ns  ((TSJ^2 + DJ^2)^1/2) / 2 + PE
    Total System Jitter     (TSJ):    0.071ns
    Discrete Jitter          (DJ):    0.218ns
    Phase Error              (PE):    0.000ns

    Location             Delay type                Incr(ns)  Path(ns)    Netlist Resource(s)
  -------------------------------------------------------------------    -------------------
                         (clock clk_148_5_clk_wiz_0 rise edge)
                                                      0.000     0.000 r  
    H16                                               0.000     0.000 r  clk (IN)
                         net (fo=0)                   0.000     0.000    myClks/inst/clk_in1
    H16                  IBUF (Prop_ibuf_I_O)         1.457     1.457 r  myClks/inst/clkin1_ibufg/O
                         net (fo=1, routed)           1.285     2.742    myClks/inst/clk_in1_clk_wiz_0
    MMCME2_ADV_X0Y1      MMCME2_ADV (Prop_mmcme2_adv_CLKIN1_CLKOUT0)
                                                     -6.996    -4.254 r  myClks/inst/mmcm_adv_inst/CLKOUT0
                         net (fo=1, routed)           1.760    -2.494    myClks/inst/clk_148_5_clk_wiz_0
    BUFGCTRL_X0Y16       BUFG (Prop_bufg_I_O)         0.101    -2.393 r  myClks/inst/clkout1_buf/O
                         net (fo=14, routed)          1.733    -0.660    myVga/clk_148_5
    SLICE_X36Y86         FDRE                                         r  myVga/h_ctr_reg[8]/C
  -------------------------------------------------------------------    -------------------
    SLICE_X36Y86         FDRE (Prop_fdre_C_Q)         0.456    -0.204 f  myVga/h_ctr_reg[8]/Q
                         net (fo=8, routed)           0.875     0.671    myVga/x_pos[8]
    SLICE_X38Y85         LUT4 (Prop_lut4_I3_O)        0.124     0.795 f  myVga/h_ctr[11]_i_4/O
                         net (fo=1, routed)           0.452     1.247    myVga/h_ctr[11]_i_4_n_0
    SLICE_X38Y85         LUT5 (Prop_lut5_I4_O)        0.124     1.371 f  myVga/h_ctr[11]_i_3/O
                         net (fo=1, routed)           0.283     1.655    myVga/h_ctr[11]_i_3_n_0
    SLICE_X37Y85         LUT6 (Prop_lut6_I1_O)        0.124     1.779 r  myVga/h_ctr[11]_i_1/O
                         net (fo=11, routed)          0.505     2.283    myVga/h_ctr[11]_i_1_n_0
    SLICE_X36Y87         FDRE                                         r  myVga/h_ctr_reg[10]/R
  -------------------------------------------------------------------    -------------------

                         (clock clk_148_5_clk_wiz_0 rise edge)
                                                      6.734     6.734 r  
    H16                                               0.000     6.734 r  clk (IN)
                         net (fo=0)                   0.000     6.734    myClks/inst/clk_in1
    H16                  IBUF (Prop_ibuf_I_O)         1.387     8.121 r  myClks/inst/clkin1_ibufg/O
                         net (fo=1, routed)           1.162     9.283    myClks/inst/clk_in1_clk_wiz_0
    MMCME2_ADV_X0Y1      MMCME2_ADV (Prop_mmcme2_adv_CLKIN1_CLKOUT0)
                                                     -7.105     2.178 r  myClks/inst/mmcm_adv_inst/CLKOUT0
                         net (fo=1, routed)           1.599     3.777    myClks/inst/clk_148_5_clk_wiz_0
    BUFGCTRL_X0Y16       BUFG (Prop_bufg_I_O)         0.091     3.868 r  myClks/inst/clkout1_buf/O
                         net (fo=14, routed)          1.558     5.426    myVga/clk_148_5
    SLICE_X36Y87         FDRE                                         r  myVga/h_ctr_reg[10]/C
                         clock pessimism              0.624     6.050    
                         clock uncertainty           -0.114     5.936    
    SLICE_X36Y87         FDRE (Setup_fdre_C_R)       -0.429     5.507    myVga/h_ctr_reg[10]
  -------------------------------------------------------------------
                         required time                          5.507    
                         arrival time                          -2.283    
  -------------------------------------------------------------------
                         slack                                  3.223    

Slack (MET) :             3.223ns  (required time - arrival time)
  Source:                 myVga/h_ctr_reg[8]/C
                            (rising edge-triggered cell FDRE clocked by clk_148_5_clk_wiz_0  {rise@0.000ns fall@3.367ns period=6.734ns})
  Destination:            myVga/h_ctr_reg[11]/R
                            (rising edge-triggered cell FDRE clocked by clk_148_5_clk_wiz_0  {rise@0.000ns fall@3.367ns period=6.734ns})
  Path Group:             clk_148_5_clk_wiz_0
  Path Type:              Setup (Max at Slow Process Corner)
  Requirement:            6.734ns  (clk_148_5_clk_wiz_0 rise@6.734ns - clk_148_5_clk_wiz_0 rise@0.000ns)
  Data Path Delay:        2.943ns  (logic 0.828ns (28.133%)  route 2.115ns (71.867%))
  Logic Levels:           3  (LUT4=1 LUT5=1 LUT6=1)
  Clock Path Skew:        -0.024ns (DCD - SCD + CPR)
    Destination Clock Delay (DCD):    -1.308ns = ( 5.426 - 6.734 ) 
    Source Clock Delay      (SCD):    -0.660ns
    Clock Pessimism Removal (CPR):    0.624ns
  Clock Uncertainty:      0.114ns  ((TSJ^2 + DJ^2)^1/2) / 2 + PE
    Total System Jitter     (TSJ):    0.071ns
    Discrete Jitter          (DJ):    0.218ns
    Phase Error              (PE):    0.000ns

    Location             Delay type                Incr(ns)  Path(ns)    Netlist Resource(s)
  -------------------------------------------------------------------    -------------------
                         (clock clk_148_5_clk_wiz_0 rise edge)
                                                      0.000     0.000 r  
    H16                                               0.000     0.000 r  clk (IN)
                         net (fo=0)                   0.000     0.000    myClks/inst/clk_in1
    H16                  IBUF (Prop_ibuf_I_O)         1.457     1.457 r  myClks/inst/clkin1_ibufg/O
                         net (fo=1, routed)           1.285     2.742    myClks/inst/clk_in1_clk_wiz_0
    MMCME2_ADV_X0Y1      MMCME2_ADV (Prop_mmcme2_adv_CLKIN1_CLKOUT0)
                                                     -6.996    -4.254 r  myClks/inst/mmcm_adv_inst/CLKOUT0
                         net (fo=1, routed)           1.760    -2.494    myClks/inst/clk_148_5_clk_wiz_0
    BUFGCTRL_X0Y16       BUFG (Prop_bufg_I_O)         0.101    -2.393 r  myClks/inst/clkout1_buf/O
                         net (fo=14, routed)          1.733    -0.660    myVga/clk_148_5
    SLICE_X36Y86         FDRE                                         r  myVga/h_ctr_reg[8]/C
  -------------------------------------------------------------------    -------------------
    SLICE_X36Y86         FDRE (Prop_fdre_C_Q)         0.456    -0.204 f  myVga/h_ctr_reg[8]/Q
                         net (fo=8, routed)           0.875     0.671    myVga/x_pos[8]
    SLICE_X38Y85         LUT4 (Prop_lut4_I3_O)        0.124     0.795 f  myVga/h_ctr[11]_i_4/O
                         net (fo=1, routed)           0.452     1.247    myVga/h_ctr[11]_i_4_n_0
    SLICE_X38Y85         LUT5 (Prop_lut5_I4_O)        0.124     1.371 f  myVga/h_ctr[11]_i_3/O
                         net (fo=1, routed)           0.283     1.655    myVga/h_ctr[11]_i_3_n_0
    SLICE_X37Y85         LUT6 (Prop_lut6_I1_O)        0.124     1.779 r  myVga/h_ctr[11]_i_1/O
                         net (fo=11, routed)          0.505     2.283    myVga/h_ctr[11]_i_1_n_0
    SLICE_X36Y87         FDRE                                         r  myVga/h_ctr_reg[11]/R
  -------------------------------------------------------------------    -------------------

                         (clock clk_148_5_clk_wiz_0 rise edge)
                                                      6.734     6.734 r  
    H16                                               0.000     6.734 r  clk (IN)
                         net (fo=0)                   0.000     6.734    myClks/inst/clk_in1
    H16                  IBUF (Prop_ibuf_I_O)         1.387     8.121 r  myClks/inst/clkin1_ibufg/O
                         net (fo=1, routed)           1.162     9.283    myClks/inst/clk_in1_clk_wiz_0
    MMCME2_ADV_X0Y1      MMCME2_ADV (Prop_mmcme2_adv_CLKIN1_CLKOUT0)
                                                     -7.105     2.178 r  myClks/inst/mmcm_adv_inst/CLKOUT0
                         net (fo=1, routed)           1.599     3.777    myClks/inst/clk_148_5_clk_wiz_0
    BUFGCTRL_X0Y16       BUFG (Prop_bufg_I_O)         0.091     3.868 r  myClks/inst/clkout1_buf/O
                         net (fo=14, routed)          1.558     5.426    myVga/clk_148_5
    SLICE_X36Y87         FDRE                                         r  myVga/h_ctr_reg[11]/C
                         clock pessimism              0.624     6.050    
                         clock uncertainty           -0.114     5.936    
    SLICE_X36Y87         FDRE (Setup_fdre_C_R)       -0.429     5.507    myVga/h_ctr_reg[11]
  -------------------------------------------------------------------
                         required time                          5.507    
                         arrival time                          -2.283    
  -------------------------------------------------------------------
                         slack                                  3.223    

Slack (MET) :             3.223ns  (required time - arrival time)
  Source:                 myVga/h_ctr_reg[8]/C
                            (rising edge-triggered cell FDRE clocked by clk_148_5_clk_wiz_0  {rise@0.000ns fall@3.367ns period=6.734ns})
  Destination:            myVga/h_ctr_reg[9]/R
                            (rising edge-triggered cell FDRE clocked by clk_148_5_clk_wiz_0  {rise@0.000ns fall@3.367ns period=6.734ns})
  Path Group:             clk_148_5_clk_wiz_0
  Path Type:              Setup (Max at Slow Process Corner)
  Requirement:            6.734ns  (clk_148_5_clk_wiz_0 rise@6.734ns - clk_148_5_clk_wiz_0 rise@0.000ns)
  Data Path Delay:        2.943ns  (logic 0.828ns (28.133%)  route 2.115ns (71.867%))
  Logic Levels:           3  (LUT4=1 LUT5=1 LUT6=1)
  Clock Path Skew:        -0.024ns (DCD - SCD + CPR)
    Destination Clock Delay (DCD):    -1.308ns = ( 5.426 - 6.734 ) 
    Source Clock Delay      (SCD):    -0.660ns
    Clock Pessimism Removal (CPR):    0.624ns
  Clock Uncertainty:      0.114ns  ((TSJ^2 + DJ^2)^1/2) / 2 + PE
    Total System Jitter     (TSJ):    0.071ns
    Discrete Jitter          (DJ):    0.218ns
    Phase Error              (PE):    0.000ns

    Location             Delay type                Incr(ns)  Path(ns)    Netlist Resource(s)
  -------------------------------------------------------------------    -------------------
                         (clock clk_148_5_clk_wiz_0 rise edge)
                                                      0.000     0.000 r  
    H16                                               0.000     0.000 r  clk (IN)
                         net (fo=0)                   0.000     0.000    myClks/inst/clk_in1
    H16                  IBUF (Prop_ibuf_I_O)         1.457     1.457 r  myClks/inst/clkin1_ibufg/O
                         net (fo=1, routed)           1.285     2.742    myClks/inst/clk_in1_clk_wiz_0
    MMCME2_ADV_X0Y1      MMCME2_ADV (Prop_mmcme2_adv_CLKIN1_CLKOUT0)
                                                     -6.996    -4.254 r  myClks/inst/mmcm_adv_inst/CLKOUT0
                         net (fo=1, routed)           1.760    -2.494    myClks/inst/clk_148_5_clk_wiz_0
    BUFGCTRL_X0Y16       BUFG (Prop_bufg_I_O)         0.101    -2.393 r  myClks/inst/clkout1_buf/O
                         net (fo=14, routed)          1.733    -0.660    myVga/clk_148_5
    SLICE_X36Y86         FDRE                                         r  myVga/h_ctr_reg[8]/C
  -------------------------------------------------------------------    -------------------
    SLICE_X36Y86         FDRE (Prop_fdre_C_Q)         0.456    -0.204 f  myVga/h_ctr_reg[8]/Q
                         net (fo=8, routed)           0.875     0.671    myVga/x_pos[8]
    SLICE_X38Y85         LUT4 (Prop_lut4_I3_O)        0.124     0.795 f  myVga/h_ctr[11]_i_4/O
                         net (fo=1, routed)           0.452     1.247    myVga/h_ctr[11]_i_4_n_0
    SLICE_X38Y85         LUT5 (Prop_lut5_I4_O)        0.124     1.371 f  myVga/h_ctr[11]_i_3/O
                         net (fo=1, routed)           0.283     1.655    myVga/h_ctr[11]_i_3_n_0
    SLICE_X37Y85         LUT6 (Prop_lut6_I1_O)        0.124     1.779 r  myVga/h_ctr[11]_i_1/O
                         net (fo=11, routed)          0.505     2.283    myVga/h_ctr[11]_i_1_n_0
    SLICE_X36Y87         FDRE                                         r  myVga/h_ctr_reg[9]/R
  -------------------------------------------------------------------    -------------------

                         (clock clk_148_5_clk_wiz_0 rise edge)
                                                      6.734     6.734 r  
    H16                                               0.000     6.734 r  clk (IN)
                         net (fo=0)                   0.000     6.734    myClks/inst/clk_in1
    H16                  IBUF (Prop_ibuf_I_O)         1.387     8.121 r  myClks/inst/clkin1_ibufg/O
                         net (fo=1, routed)           1.162     9.283    myClks/inst/clk_in1_clk_wiz_0
    MMCME2_ADV_X0Y1      MMCME2_ADV (Prop_mmcme2_adv_CLKIN1_CLKOUT0)
                                                     -7.105     2.178 r  myClks/inst/mmcm_adv_inst/CLKOUT0
                         net (fo=1, routed)           1.599     3.777    myClks/inst/clk_148_5_clk_wiz_0
    BUFGCTRL_X0Y16       BUFG (Prop_bufg_I_O)         0.091     3.868 r  myClks/inst/clkout1_buf/O
                         net (fo=14, routed)          1.558     5.426    myVga/clk_148_5
    SLICE_X36Y87         FDRE                                         r  myVga/h_ctr_reg[9]/C
                         clock pessimism              0.624     6.050    
                         clock uncertainty           -0.114     5.936    
    SLICE_X36Y87         FDRE (Setup_fdre_C_R)       -0.429     5.507    myVga/h_ctr_reg[9]
  -------------------------------------------------------------------
                         required time                          5.507    
                         arrival time                          -2.283    
  -------------------------------------------------------------------
                         slack                                  3.223    

Slack (MET) :             3.386ns  (required time - arrival time)
  Source:                 myVga/h_ctr_reg[8]/C
                            (rising edge-triggered cell FDRE clocked by clk_148_5_clk_wiz_0  {rise@0.000ns fall@3.367ns period=6.734ns})
  Destination:            myVga/h_ctr_reg[5]/R
                            (rising edge-triggered cell FDRE clocked by clk_148_5_clk_wiz_0  {rise@0.000ns fall@3.367ns period=6.734ns})
  Path Group:             clk_148_5_clk_wiz_0
  Path Type:              Setup (Max at Slow Process Corner)
  Requirement:            6.734ns  (clk_148_5_clk_wiz_0 rise@6.734ns - clk_148_5_clk_wiz_0 rise@0.000ns)
  Data Path Delay:        2.805ns  (logic 0.828ns (29.522%)  route 1.977ns (70.478%))
  Logic Levels:           3  (LUT4=1 LUT5=1 LUT6=1)
  Clock Path Skew:        0.000ns (DCD - SCD + CPR)
    Destination Clock Delay (DCD):    -1.309ns = ( 5.425 - 6.734 ) 
    Source Clock Delay      (SCD):    -0.660ns
    Clock Pessimism Removal (CPR):    0.649ns
  Clock Uncertainty:      0.114ns  ((TSJ^2 + DJ^2)^1/2) / 2 + PE
    Total System Jitter     (TSJ):    0.071ns
    Discrete Jitter          (DJ):    0.218ns
    Phase Error              (PE):    0.000ns

    Location             Delay type                Incr(ns)  Path(ns)    Netlist Resource(s)
  -------------------------------------------------------------------    -------------------
                         (clock clk_148_5_clk_wiz_0 rise edge)
                                                      0.000     0.000 r  
    H16                                               0.000     0.000 r  clk (IN)
                         net (fo=0)                   0.000     0.000    myClks/inst/clk_in1
    H16                  IBUF (Prop_ibuf_I_O)         1.457     1.457 r  myClks/inst/clkin1_ibufg/O
                         net (fo=1, routed)           1.285     2.742    myClks/inst/clk_in1_clk_wiz_0
    MMCME2_ADV_X0Y1      MMCME2_ADV (Prop_mmcme2_adv_CLKIN1_CLKOUT0)
                                                     -6.996    -4.254 r  myClks/inst/mmcm_adv_inst/CLKOUT0
                         net (fo=1, routed)           1.760    -2.494    myClks/inst/clk_148_5_clk_wiz_0
    BUFGCTRL_X0Y16       BUFG (Prop_bufg_I_O)         0.101    -2.393 r  myClks/inst/clkout1_buf/O
                         net (fo=14, routed)          1.733    -0.660    myVga/clk_148_5
    SLICE_X36Y86         FDRE                                         r  myVga/h_ctr_reg[8]/C
  -------------------------------------------------------------------    -------------------
    SLICE_X36Y86         FDRE (Prop_fdre_C_Q)         0.456    -0.204 f  myVga/h_ctr_reg[8]/Q
                         net (fo=8, routed)           0.875     0.671    myVga/x_pos[8]
    SLICE_X38Y85         LUT4 (Prop_lut4_I3_O)        0.124     0.795 f  myVga/h_ctr[11]_i_4/O
                         net (fo=1, routed)           0.452     1.247    myVga/h_ctr[11]_i_4_n_0
    SLICE_X38Y85         LUT5 (Prop_lut5_I4_O)        0.124     1.371 f  myVga/h_ctr[11]_i_3/O
                         net (fo=1, routed)           0.283     1.655    myVga/h_ctr[11]_i_3_n_0
    SLICE_X37Y85         LUT6 (Prop_lut6_I1_O)        0.124     1.779 r  myVga/h_ctr[11]_i_1/O
                         net (fo=11, routed)          0.366     2.145    myVga/h_ctr[11]_i_1_n_0
    SLICE_X36Y86         FDRE                                         r  myVga/h_ctr_reg[5]/R
  -------------------------------------------------------------------    -------------------

                         (clock clk_148_5_clk_wiz_0 rise edge)
                                                      6.734     6.734 r  
    H16                                               0.000     6.734 r  clk (IN)
                         net (fo=0)                   0.000     6.734    myClks/inst/clk_in1
    H16                  IBUF (Prop_ibuf_I_O)         1.387     8.121 r  myClks/inst/clkin1_ibufg/O
                         net (fo=1, routed)           1.162     9.283    myClks/inst/clk_in1_clk_wiz_0
    MMCME2_ADV_X0Y1      MMCME2_ADV (Prop_mmcme2_adv_CLKIN1_CLKOUT0)
                                                     -7.105     2.178 r  myClks/inst/mmcm_adv_inst/CLKOUT0
                         net (fo=1, routed)           1.599     3.777    myClks/inst/clk_148_5_clk_wiz_0
    BUFGCTRL_X0Y16       BUFG (Prop_bufg_I_O)         0.091     3.868 r  myClks/inst/clkout1_buf/O
                         net (fo=14, routed)          1.557     5.425    myVga/clk_148_5
    SLICE_X36Y86         FDRE                                         r  myVga/h_ctr_reg[5]/C
                         clock pessimism              0.649     6.074    
                         clock uncertainty           -0.114     5.960    
    SLICE_X36Y86         FDRE (Setup_fdre_C_R)       -0.429     5.531    myVga/h_ctr_reg[5]
  -------------------------------------------------------------------
                         required time                          5.531    
                         arrival time                          -2.145    
  -------------------------------------------------------------------
                         slack                                  3.386    

Slack (MET) :             3.386ns  (required time - arrival time)
  Source:                 myVga/h_ctr_reg[8]/C
                            (rising edge-triggered cell FDRE clocked by clk_148_5_clk_wiz_0  {rise@0.000ns fall@3.367ns period=6.734ns})
  Destination:            myVga/h_ctr_reg[6]/R
                            (rising edge-triggered cell FDRE clocked by clk_148_5_clk_wiz_0  {rise@0.000ns fall@3.367ns period=6.734ns})
  Path Group:             clk_148_5_clk_wiz_0
  Path Type:              Setup (Max at Slow Process Corner)
  Requirement:            6.734ns  (clk_148_5_clk_wiz_0 rise@6.734ns - clk_148_5_clk_wiz_0 rise@0.000ns)
  Data Path Delay:        2.805ns  (logic 0.828ns (29.522%)  route 1.977ns (70.478%))
  Logic Levels:           3  (LUT4=1 LUT5=1 LUT6=1)
  Clock Path Skew:        0.000ns (DCD - SCD + CPR)
    Destination Clock Delay (DCD):    -1.309ns = ( 5.425 - 6.734 ) 
    Source Clock Delay      (SCD):    -0.660ns
    Clock Pessimism Removal (CPR):    0.649ns
  Clock Uncertainty:      0.114ns  ((TSJ^2 + DJ^2)^1/2) / 2 + PE
    Total System Jitter     (TSJ):    0.071ns
    Discrete Jitter          (DJ):    0.218ns
    Phase Error              (PE):    0.000ns

    Location             Delay type                Incr(ns)  Path(ns)    Netlist Resource(s)
  -------------------------------------------------------------------    -------------------
                         (clock clk_148_5_clk_wiz_0 rise edge)
                                                      0.000     0.000 r  
    H16                                               0.000     0.000 r  clk (IN)
                         net (fo=0)                   0.000     0.000    myClks/inst/clk_in1
    H16                  IBUF (Prop_ibuf_I_O)         1.457     1.457 r  myClks/inst/clkin1_ibufg/O
                         net (fo=1, routed)           1.285     2.742    myClks/inst/clk_in1_clk_wiz_0
    MMCME2_ADV_X0Y1      MMCME2_ADV (Prop_mmcme2_adv_CLKIN1_CLKOUT0)
                                                     -6.996    -4.254 r  myClks/inst/mmcm_adv_inst/CLKOUT0
                         net (fo=1, routed)           1.760    -2.494    myClks/inst/clk_148_5_clk_wiz_0
    BUFGCTRL_X0Y16       BUFG (Prop_bufg_I_O)         0.101    -2.393 r  myClks/inst/clkout1_buf/O
                         net (fo=14, routed)          1.733    -0.660    myVga/clk_148_5
    SLICE_X36Y86         FDRE                                         r  myVga/h_ctr_reg[8]/C
  -------------------------------------------------------------------    -------------------
    SLICE_X36Y86         FDRE (Prop_fdre_C_Q)         0.456    -0.204 f  myVga/h_ctr_reg[8]/Q
                         net (fo=8, routed)           0.875     0.671    myVga/x_pos[8]
    SLICE_X38Y85         LUT4 (Prop_lut4_I3_O)        0.124     0.795 f  myVga/h_ctr[11]_i_4/O
                         net (fo=1, routed)           0.452     1.247    myVga/h_ctr[11]_i_4_n_0
    SLICE_X38Y85         LUT5 (Prop_lut5_I4_O)        0.124     1.371 f  myVga/h_ctr[11]_i_3/O
                         net (fo=1, routed)           0.283     1.655    myVga/h_ctr[11]_i_3_n_0
    SLICE_X37Y85         LUT6 (Prop_lut6_I1_O)        0.124     1.779 r  myVga/h_ctr[11]_i_1/O
                         net (fo=11, routed)          0.366     2.145    myVga/h_ctr[11]_i_1_n_0
    SLICE_X36Y86         FDRE                                         r  myVga/h_ctr_reg[6]/R
  -------------------------------------------------------------------    -------------------

                         (clock clk_148_5_clk_wiz_0 rise edge)
                                                      6.734     6.734 r  
    H16                                               0.000     6.734 r  clk (IN)
                         net (fo=0)                   0.000     6.734    myClks/inst/clk_in1
    H16                  IBUF (Prop_ibuf_I_O)         1.387     8.121 r  myClks/inst/clkin1_ibufg/O
                         net (fo=1, routed)           1.162     9.283    myClks/inst/clk_in1_clk_wiz_0
    MMCME2_ADV_X0Y1      MMCME2_ADV (Prop_mmcme2_adv_CLKIN1_CLKOUT0)
                                                     -7.105     2.178 r  myClks/inst/mmcm_adv_inst/CLKOUT0
                         net (fo=1, routed)           1.599     3.777    myClks/inst/clk_148_5_clk_wiz_0
    BUFGCTRL_X0Y16       BUFG (Prop_bufg_I_O)         0.091     3.868 r  myClks/inst/clkout1_buf/O
                         net (fo=14, routed)          1.557     5.425    myVga/clk_148_5
    SLICE_X36Y86         FDRE                                         r  myVga/h_ctr_reg[6]/C
                         clock pessimism              0.649     6.074    
                         clock uncertainty           -0.114     5.960    
    SLICE_X36Y86         FDRE (Setup_fdre_C_R)       -0.429     5.531    myVga/h_ctr_reg[6]
  -------------------------------------------------------------------
                         required time                          5.531    
                         arrival time                          -2.145    
  -------------------------------------------------------------------
                         slack                                  3.386    

Slack (MET) :             3.386ns  (required time - arrival time)
  Source:                 myVga/h_ctr_reg[8]/C
                            (rising edge-triggered cell FDRE clocked by clk_148_5_clk_wiz_0  {rise@0.000ns fall@3.367ns period=6.734ns})
  Destination:            myVga/h_ctr_reg[7]/R
                            (rising edge-triggered cell FDRE clocked by clk_148_5_clk_wiz_0  {rise@0.000ns fall@3.367ns period=6.734ns})
  Path Group:             clk_148_5_clk_wiz_0
  Path Type:              Setup (Max at Slow Process Corner)
  Requirement:            6.734ns  (clk_148_5_clk_wiz_0 rise@6.734ns - clk_148_5_clk_wiz_0 rise@0.000ns)
  Data Path Delay:        2.805ns  (logic 0.828ns (29.522%)  route 1.977ns (70.478%))
  Logic Levels:           3  (LUT4=1 LUT5=1 LUT6=1)
  Clock Path Skew:        0.000ns (DCD - SCD + CPR)
    Destination Clock Delay (DCD):    -1.309ns = ( 5.425 - 6.734 ) 
    Source Clock Delay      (SCD):    -0.660ns
    Clock Pessimism Removal (CPR):    0.649ns
  Clock Uncertainty:      0.114ns  ((TSJ^2 + DJ^2)^1/2) / 2 + PE
    Total System Jitter     (TSJ):    0.071ns
    Discrete Jitter          (DJ):    0.218ns
    Phase Error              (PE):    0.000ns

    Location             Delay type                Incr(ns)  Path(ns)    Netlist Resource(s)
  -------------------------------------------------------------------    -------------------
                         (clock clk_148_5_clk_wiz_0 rise edge)
                                                      0.000     0.000 r  
    H16                                               0.000     0.000 r  clk (IN)
                         net (fo=0)                   0.000     0.000    myClks/inst/clk_in1
    H16                  IBUF (Prop_ibuf_I_O)         1.457     1.457 r  myClks/inst/clkin1_ibufg/O
                         net (fo=1, routed)           1.285     2.742    myClks/inst/clk_in1_clk_wiz_0
    MMCME2_ADV_X0Y1      MMCME2_ADV (Prop_mmcme2_adv_CLKIN1_CLKOUT0)
                                                     -6.996    -4.254 r  myClks/inst/mmcm_adv_inst/CLKOUT0
                         net (fo=1, routed)           1.760    -2.494    myClks/inst/clk_148_5_clk_wiz_0
    BUFGCTRL_X0Y16       BUFG (Prop_bufg_I_O)         0.101    -2.393 r  myClks/inst/clkout1_buf/O
                         net (fo=14, routed)          1.733    -0.660    myVga/clk_148_5
    SLICE_X36Y86         FDRE                                         r  myVga/h_ctr_reg[8]/C
  -------------------------------------------------------------------    -------------------
    SLICE_X36Y86         FDRE (Prop_fdre_C_Q)         0.456    -0.204 f  myVga/h_ctr_reg[8]/Q
                         net (fo=8, routed)           0.875     0.671    myVga/x_pos[8]
    SLICE_X38Y85         LUT4 (Prop_lut4_I3_O)        0.124     0.795 f  myVga/h_ctr[11]_i_4/O
                         net (fo=1, routed)           0.452     1.247    myVga/h_ctr[11]_i_4_n_0
    SLICE_X38Y85         LUT5 (Prop_lut5_I4_O)        0.124     1.371 f  myVga/h_ctr[11]_i_3/O
                         net (fo=1, routed)           0.283     1.655    myVga/h_ctr[11]_i_3_n_0
    SLICE_X37Y85         LUT6 (Prop_lut6_I1_O)        0.124     1.779 r  myVga/h_ctr[11]_i_1/O
                         net (fo=11, routed)          0.366     2.145    myVga/h_ctr[11]_i_1_n_0
    SLICE_X36Y86         FDRE                                         r  myVga/h_ctr_reg[7]/R
  -------------------------------------------------------------------    -------------------

                         (clock clk_148_5_clk_wiz_0 rise edge)
                                                      6.734     6.734 r  
    H16                                               0.000     6.734 r  clk (IN)
                         net (fo=0)                   0.000     6.734    myClks/inst/clk_in1
    H16                  IBUF (Prop_ibuf_I_O)         1.387     8.121 r  myClks/inst/clkin1_ibufg/O
                         net (fo=1, routed)           1.162     9.283    myClks/inst/clk_in1_clk_wiz_0
    MMCME2_ADV_X0Y1      MMCME2_ADV (Prop_mmcme2_adv_CLKIN1_CLKOUT0)
                                                     -7.105     2.178 r  myClks/inst/mmcm_adv_inst/CLKOUT0
                         net (fo=1, routed)           1.599     3.777    myClks/inst/clk_148_5_clk_wiz_0
    BUFGCTRL_X0Y16       BUFG (Prop_bufg_I_O)         0.091     3.868 r  myClks/inst/clkout1_buf/O
                         net (fo=14, routed)          1.557     5.425    myVga/clk_148_5
    SLICE_X36Y86         FDRE                                         r  myVga/h_ctr_reg[7]/C
                         clock pessimism              0.649     6.074    
                         clock uncertainty           -0.114     5.960    
    SLICE_X36Y86         FDRE (Setup_fdre_C_R)       -0.429     5.531    myVga/h_ctr_reg[7]
  -------------------------------------------------------------------
                         required time                          5.531    
                         arrival time                          -2.145    
  -------------------------------------------------------------------
                         slack                                  3.386    





Min Delay Paths
--------------------------------------------------------------------------------------
Slack (MET) :             0.288ns  (arrival time - required time)
  Source:                 myVga/v_clk_reg/C
                            (rising edge-triggered cell FDRE clocked by clk_148_5_clk_wiz_0  {rise@0.000ns fall@3.367ns period=6.734ns})
  Destination:            myVga/v_clk_reg/D
                            (rising edge-triggered cell FDRE clocked by clk_148_5_clk_wiz_0  {rise@0.000ns fall@3.367ns period=6.734ns})
  Path Group:             clk_148_5_clk_wiz_0
  Path Type:              Hold (Min at Fast Process Corner)
  Requirement:            0.000ns  (clk_148_5_clk_wiz_0 rise@0.000ns - clk_148_5_clk_wiz_0 rise@0.000ns)
  Data Path Delay:        0.379ns  (logic 0.186ns (49.140%)  route 0.193ns (50.860%))
  Logic Levels:           1  (LUT6=1)
  Clock Path Skew:        0.000ns (DCD - SCD - CPR)
    Destination Clock Delay (DCD):    -0.746ns
    Source Clock Delay      (SCD):    -0.513ns
    Clock Pessimism Removal (CPR):    -0.234ns

    Location             Delay type                Incr(ns)  Path(ns)    Netlist Resource(s)
  -------------------------------------------------------------------    -------------------
                         (clock clk_148_5_clk_wiz_0 rise edge)
                                                      0.000     0.000 r  
    H16                                               0.000     0.000 r  clk (IN)
                         net (fo=0)                   0.000     0.000    myClks/inst/clk_in1
    H16                  IBUF (Prop_ibuf_I_O)         0.225     0.225 r  myClks/inst/clkin1_ibufg/O
                         net (fo=1, routed)           0.440     0.665    myClks/inst/clk_in1_clk_wiz_0
    MMCME2_ADV_X0Y1      MMCME2_ADV (Prop_mmcme2_adv_CLKIN1_CLKOUT0)
                                                     -2.268    -1.602 r  myClks/inst/mmcm_adv_inst/CLKOUT0
                         net (fo=1, routed)           0.482    -1.120    myClks/inst/clk_148_5_clk_wiz_0
    BUFGCTRL_X0Y16       BUFG (Prop_bufg_I_O)         0.026    -1.094 r  myClks/inst/clkout1_buf/O
                         net (fo=14, routed)          0.582    -0.513    myVga/clk_148_5
    SLICE_X39Y85         FDRE                                         r  myVga/v_clk_reg/C
  -------------------------------------------------------------------    -------------------
    SLICE_X39Y85         FDRE (Prop_fdre_C_Q)         0.141    -0.372 r  myVga/v_clk_reg/Q
                         net (fo=14, routed)          0.193    -0.179    myVga/v_clk
    SLICE_X39Y85         LUT6 (Prop_lut6_I0_O)        0.045    -0.134 r  myVga/v_clk_i_1/O
                         net (fo=1, routed)           0.000    -0.134    myVga/v_clk_i_1_n_0
    SLICE_X39Y85         FDRE                                         r  myVga/v_clk_reg/D
  -------------------------------------------------------------------    -------------------

                         (clock clk_148_5_clk_wiz_0 rise edge)
                                                      0.000     0.000 r  
    H16                                               0.000     0.000 r  clk (IN)
                         net (fo=0)                   0.000     0.000    myClks/inst/clk_in1
    H16                  IBUF (Prop_ibuf_I_O)         0.413     0.413 r  myClks/inst/clkin1_ibufg/O
                         net (fo=1, routed)           0.480     0.893    myClks/inst/clk_in1_clk_wiz_0
    MMCME2_ADV_X0Y1      MMCME2_ADV (Prop_mmcme2_adv_CLKIN1_CLKOUT0)
                                                     -3.047    -2.154 r  myClks/inst/mmcm_adv_inst/CLKOUT0
                         net (fo=1, routed)           0.528    -1.626    myClks/inst/clk_148_5_clk_wiz_0
    BUFGCTRL_X0Y16       BUFG (Prop_bufg_I_O)         0.029    -1.597 r  myClks/inst/clkout1_buf/O
                         net (fo=14, routed)          0.851    -0.746    myVga/clk_148_5
    SLICE_X39Y85         FDRE                                         r  myVga/v_clk_reg/C
                         clock pessimism              0.234    -0.513    
    SLICE_X39Y85         FDRE (Hold_fdre_C_D)         0.091    -0.422    myVga/v_clk_reg
  -------------------------------------------------------------------
                         required time                          0.422    
                         arrival time                          -0.134    
  -------------------------------------------------------------------
                         slack                                  0.288    

Slack (MET) :             0.305ns  (arrival time - required time)
  Source:                 myVga/h_ctr_reg[11]/C
                            (rising edge-triggered cell FDRE clocked by clk_148_5_clk_wiz_0  {rise@0.000ns fall@3.367ns period=6.734ns})
  Destination:            myVga/h_ctr_reg[11]/D
                            (rising edge-triggered cell FDRE clocked by clk_148_5_clk_wiz_0  {rise@0.000ns fall@3.367ns period=6.734ns})
  Path Group:             clk_148_5_clk_wiz_0
  Path Type:              Hold (Min at Fast Process Corner)
  Requirement:            0.000ns  (clk_148_5_clk_wiz_0 rise@0.000ns - clk_148_5_clk_wiz_0 rise@0.000ns)
  Data Path Delay:        0.410ns  (logic 0.252ns (61.465%)  route 0.158ns (38.535%))
  Logic Levels:           1  (CARRY4=1)
  Clock Path Skew:        0.000ns (DCD - SCD - CPR)
    Destination Clock Delay (DCD):    -0.745ns
    Source Clock Delay      (SCD):    -0.512ns
    Clock Pessimism Removal (CPR):    -0.234ns

    Location             Delay type                Incr(ns)  Path(ns)    Netlist Resource(s)
  -------------------------------------------------------------------    -------------------
                         (clock clk_148_5_clk_wiz_0 rise edge)
                                                      0.000     0.000 r  
    H16                                               0.000     0.000 r  clk (IN)
                         net (fo=0)                   0.000     0.000    myClks/inst/clk_in1
    H16                  IBUF (Prop_ibuf_I_O)         0.225     0.225 r  myClks/inst/clkin1_ibufg/O
                         net (fo=1, routed)           0.440     0.665    myClks/inst/clk_in1_clk_wiz_0
    MMCME2_ADV_X0Y1      MMCME2_ADV (Prop_mmcme2_adv_CLKIN1_CLKOUT0)
                                                     -2.268    -1.602 r  myClks/inst/mmcm_adv_inst/CLKOUT0
                         net (fo=1, routed)           0.482    -1.120    myClks/inst/clk_148_5_clk_wiz_0
    BUFGCTRL_X0Y16       BUFG (Prop_bufg_I_O)         0.026    -1.094 r  myClks/inst/clkout1_buf/O
                         net (fo=14, routed)          0.583    -0.512    myVga/clk_148_5
    SLICE_X36Y87         FDRE                                         r  myVga/h_ctr_reg[11]/C
  -------------------------------------------------------------------    -------------------
    SLICE_X36Y87         FDRE (Prop_fdre_C_Q)         0.141    -0.371 r  myVga/h_ctr_reg[11]/Q
                         net (fo=18, routed)          0.158    -0.213    myVga/h_ctr_reg_n_0_[11]
    SLICE_X36Y87         CARRY4 (Prop_carry4_S[2]_O[2])
                                                      0.111    -0.102 r  myVga/h_ctr_reg[11]_i_2/O[2]
                         net (fo=1, routed)           0.000    -0.102    myVga/data0[11]
    SLICE_X36Y87         FDRE                                         r  myVga/h_ctr_reg[11]/D
  -------------------------------------------------------------------    -------------------

                         (clock clk_148_5_clk_wiz_0 rise edge)
                                                      0.000     0.000 r  
    H16                                               0.000     0.000 r  clk (IN)
                         net (fo=0)                   0.000     0.000    myClks/inst/clk_in1
    H16                  IBUF (Prop_ibuf_I_O)         0.413     0.413 r  myClks/inst/clkin1_ibufg/O
                         net (fo=1, routed)           0.480     0.893    myClks/inst/clk_in1_clk_wiz_0
    MMCME2_ADV_X0Y1      MMCME2_ADV (Prop_mmcme2_adv_CLKIN1_CLKOUT0)
                                                     -3.047    -2.154 r  myClks/inst/mmcm_adv_inst/CLKOUT0
                         net (fo=1, routed)           0.528    -1.626    myClks/inst/clk_148_5_clk_wiz_0
    BUFGCTRL_X0Y16       BUFG (Prop_bufg_I_O)         0.029    -1.597 r  myClks/inst/clkout1_buf/O
                         net (fo=14, routed)          0.852    -0.745    myVga/clk_148_5
    SLICE_X36Y87         FDRE                                         r  myVga/h_ctr_reg[11]/C
                         clock pessimism              0.234    -0.512    
    SLICE_X36Y87         FDRE (Hold_fdre_C_D)         0.105    -0.407    myVga/h_ctr_reg[11]
  -------------------------------------------------------------------
                         required time                          0.407    
                         arrival time                          -0.102    
  -------------------------------------------------------------------
                         slack                                  0.305    

Slack (MET) :             0.318ns  (arrival time - required time)
  Source:                 myVga/h_ctr_reg[7]/C
                            (rising edge-triggered cell FDRE clocked by clk_148_5_clk_wiz_0  {rise@0.000ns fall@3.367ns period=6.734ns})
  Destination:            myVga/h_ctr_reg[7]/D
                            (rising edge-triggered cell FDRE clocked by clk_148_5_clk_wiz_0  {rise@0.000ns fall@3.367ns period=6.734ns})
  Path Group:             clk_148_5_clk_wiz_0
  Path Type:              Hold (Min at Fast Process Corner)
  Requirement:            0.000ns  (clk_148_5_clk_wiz_0 rise@0.000ns - clk_148_5_clk_wiz_0 rise@0.000ns)
  Data Path Delay:        0.423ns  (logic 0.252ns (59.630%)  route 0.171ns (40.370%))
  Logic Levels:           1  (CARRY4=1)
  Clock Path Skew:        0.000ns (DCD - SCD - CPR)
    Destination Clock Delay (DCD):    -0.746ns
    Source Clock Delay      (SCD):    -0.513ns
    Clock Pessimism Removal (CPR):    -0.234ns

    Location             Delay type                Incr(ns)  Path(ns)    Netlist Resource(s)
  -------------------------------------------------------------------    -------------------
                         (clock clk_148_5_clk_wiz_0 rise edge)
                                                      0.000     0.000 r  
    H16                                               0.000     0.000 r  clk (IN)
                         net (fo=0)                   0.000     0.000    myClks/inst/clk_in1
    H16                  IBUF (Prop_ibuf_I_O)         0.225     0.225 r  myClks/inst/clkin1_ibufg/O
                         net (fo=1, routed)           0.440     0.665    myClks/inst/clk_in1_clk_wiz_0
    MMCME2_ADV_X0Y1      MMCME2_ADV (Prop_mmcme2_adv_CLKIN1_CLKOUT0)
                                                     -2.268    -1.602 r  myClks/inst/mmcm_adv_inst/CLKOUT0
                         net (fo=1, routed)           0.482    -1.120    myClks/inst/clk_148_5_clk_wiz_0
    BUFGCTRL_X0Y16       BUFG (Prop_bufg_I_O)         0.026    -1.094 r  myClks/inst/clkout1_buf/O
                         net (fo=14, routed)          0.582    -0.513    myVga/clk_148_5
    SLICE_X36Y86         FDRE                                         r  myVga/h_ctr_reg[7]/C
  -------------------------------------------------------------------    -------------------
    SLICE_X36Y86         FDRE (Prop_fdre_C_Q)         0.141    -0.372 r  myVga/h_ctr_reg[7]/Q
                         net (fo=7, routed)           0.171    -0.201    myVga/x_pos[7]
    SLICE_X36Y86         CARRY4 (Prop_carry4_S[2]_O[2])
                                                      0.111    -0.090 r  myVga/h_ctr_reg[8]_i_1/O[2]
                         net (fo=1, routed)           0.000    -0.090    myVga/data0[7]
    SLICE_X36Y86         FDRE                                         r  myVga/h_ctr_reg[7]/D
  -------------------------------------------------------------------    -------------------

                         (clock clk_148_5_clk_wiz_0 rise edge)
                                                      0.000     0.000 r  
    H16                                               0.000     0.000 r  clk (IN)
                         net (fo=0)                   0.000     0.000    myClks/inst/clk_in1
    H16                  IBUF (Prop_ibuf_I_O)         0.413     0.413 r  myClks/inst/clkin1_ibufg/O
                         net (fo=1, routed)           0.480     0.893    myClks/inst/clk_in1_clk_wiz_0
    MMCME2_ADV_X0Y1      MMCME2_ADV (Prop_mmcme2_adv_CLKIN1_CLKOUT0)
                                                     -3.047    -2.154 r  myClks/inst/mmcm_adv_inst/CLKOUT0
                         net (fo=1, routed)           0.528    -1.626    myClks/inst/clk_148_5_clk_wiz_0
    BUFGCTRL_X0Y16       BUFG (Prop_bufg_I_O)         0.029    -1.597 r  myClks/inst/clkout1_buf/O
                         net (fo=14, routed)          0.851    -0.746    myVga/clk_148_5
    SLICE_X36Y86         FDRE                                         r  myVga/h_ctr_reg[7]/C
                         clock pessimism              0.234    -0.513    
    SLICE_X36Y86         FDRE (Hold_fdre_C_D)         0.105    -0.408    myVga/h_ctr_reg[7]
  -------------------------------------------------------------------
                         required time                          0.408    
                         arrival time                          -0.090    
  -------------------------------------------------------------------
                         slack                                  0.318    

Slack (MET) :             0.350ns  (arrival time - required time)
  Source:                 myVga/h_ctr_reg[9]/C
                            (rising edge-triggered cell FDRE clocked by clk_148_5_clk_wiz_0  {rise@0.000ns fall@3.367ns period=6.734ns})
  Destination:            myVga/h_ctr_reg[9]/D
                            (rising edge-triggered cell FDRE clocked by clk_148_5_clk_wiz_0  {rise@0.000ns fall@3.367ns period=6.734ns})
  Path Group:             clk_148_5_clk_wiz_0
  Path Type:              Hold (Min at Fast Process Corner)
  Requirement:            0.000ns  (clk_148_5_clk_wiz_0 rise@0.000ns - clk_148_5_clk_wiz_0 rise@0.000ns)
  Data Path Delay:        0.455ns  (logic 0.256ns (56.205%)  route 0.199ns (43.795%))
  Logic Levels:           1  (CARRY4=1)
  Clock Path Skew:        0.000ns (DCD - SCD - CPR)
    Destination Clock Delay (DCD):    -0.745ns
    Source Clock Delay      (SCD):    -0.512ns
    Clock Pessimism Removal (CPR):    -0.234ns

    Location             Delay type                Incr(ns)  Path(ns)    Netlist Resource(s)
  -------------------------------------------------------------------    -------------------
                         (clock clk_148_5_clk_wiz_0 rise edge)
                                                      0.000     0.000 r  
    H16                                               0.000     0.000 r  clk (IN)
                         net (fo=0)                   0.000     0.000    myClks/inst/clk_in1
    H16                  IBUF (Prop_ibuf_I_O)         0.225     0.225 r  myClks/inst/clkin1_ibufg/O
                         net (fo=1, routed)           0.440     0.665    myClks/inst/clk_in1_clk_wiz_0
    MMCME2_ADV_X0Y1      MMCME2_ADV (Prop_mmcme2_adv_CLKIN1_CLKOUT0)
                                                     -2.268    -1.602 r  myClks/inst/mmcm_adv_inst/CLKOUT0
                         net (fo=1, routed)           0.482    -1.120    myClks/inst/clk_148_5_clk_wiz_0
    BUFGCTRL_X0Y16       BUFG (Prop_bufg_I_O)         0.026    -1.094 r  myClks/inst/clkout1_buf/O
                         net (fo=14, routed)          0.583    -0.512    myVga/clk_148_5
    SLICE_X36Y87         FDRE                                         r  myVga/h_ctr_reg[9]/C
  -------------------------------------------------------------------    -------------------
    SLICE_X36Y87         FDRE (Prop_fdre_C_Q)         0.141    -0.371 r  myVga/h_ctr_reg[9]/Q
                         net (fo=7, routed)           0.199    -0.171    myVga/x_pos[9]
    SLICE_X36Y87         CARRY4 (Prop_carry4_S[0]_O[0])
                                                      0.115    -0.056 r  myVga/h_ctr_reg[11]_i_2/O[0]
                         net (fo=1, routed)           0.000    -0.056    myVga/data0[9]
    SLICE_X36Y87         FDRE                                         r  myVga/h_ctr_reg[9]/D
  -------------------------------------------------------------------    -------------------

                         (clock clk_148_5_clk_wiz_0 rise edge)
                                                      0.000     0.000 r  
    H16                                               0.000     0.000 r  clk (IN)
                         net (fo=0)                   0.000     0.000    myClks/inst/clk_in1
    H16                  IBUF (Prop_ibuf_I_O)         0.413     0.413 r  myClks/inst/clkin1_ibufg/O
                         net (fo=1, routed)           0.480     0.893    myClks/inst/clk_in1_clk_wiz_0
    MMCME2_ADV_X0Y1      MMCME2_ADV (Prop_mmcme2_adv_CLKIN1_CLKOUT0)
                                                     -3.047    -2.154 r  myClks/inst/mmcm_adv_inst/CLKOUT0
                         net (fo=1, routed)           0.528    -1.626    myClks/inst/clk_148_5_clk_wiz_0
    BUFGCTRL_X0Y16       BUFG (Prop_bufg_I_O)         0.029    -1.597 r  myClks/inst/clkout1_buf/O
                         net (fo=14, routed)          0.852    -0.745    myVga/clk_148_5
    SLICE_X36Y87         FDRE                                         r  myVga/h_ctr_reg[9]/C
                         clock pessimism              0.234    -0.512    
    SLICE_X36Y87         FDRE (Hold_fdre_C_D)         0.105    -0.407    myVga/h_ctr_reg[9]
  -------------------------------------------------------------------
                         required time                          0.407    
                         arrival time                          -0.056    
  -------------------------------------------------------------------
                         slack                                  0.350    

Slack (MET) :             0.351ns  (arrival time - required time)
  Source:                 myVga/h_ctr_reg[7]/C
                            (rising edge-triggered cell FDRE clocked by clk_148_5_clk_wiz_0  {rise@0.000ns fall@3.367ns period=6.734ns})
  Destination:            myVga/h_ctr_reg[8]/D
                            (rising edge-triggered cell FDRE clocked by clk_148_5_clk_wiz_0  {rise@0.000ns fall@3.367ns period=6.734ns})
  Path Group:             clk_148_5_clk_wiz_0
  Path Type:              Hold (Min at Fast Process Corner)
  Requirement:            0.000ns  (clk_148_5_clk_wiz_0 rise@0.000ns - clk_148_5_clk_wiz_0 rise@0.000ns)
  Data Path Delay:        0.456ns  (logic 0.285ns (62.554%)  route 0.171ns (37.446%))
  Logic Levels:           1  (CARRY4=1)
  Clock Path Skew:        0.000ns (DCD - SCD - CPR)
    Destination Clock Delay (DCD):    -0.746ns
    Source Clock Delay      (SCD):    -0.513ns
    Clock Pessimism Removal (CPR):    -0.234ns

    Location             Delay type                Incr(ns)  Path(ns)    Netlist Resource(s)
  -------------------------------------------------------------------    -------------------
                         (clock clk_148_5_clk_wiz_0 rise edge)
                                                      0.000     0.000 r  
    H16                                               0.000     0.000 r  clk (IN)
                         net (fo=0)                   0.000     0.000    myClks/inst/clk_in1
    H16                  IBUF (Prop_ibuf_I_O)         0.225     0.225 r  myClks/inst/clkin1_ibufg/O
                         net (fo=1, routed)           0.440     0.665    myClks/inst/clk_in1_clk_wiz_0
    MMCME2_ADV_X0Y1      MMCME2_ADV (Prop_mmcme2_adv_CLKIN1_CLKOUT0)
                                                     -2.268    -1.602 r  myClks/inst/mmcm_adv_inst/CLKOUT0
                         net (fo=1, routed)           0.482    -1.120    myClks/inst/clk_148_5_clk_wiz_0
    BUFGCTRL_X0Y16       BUFG (Prop_bufg_I_O)         0.026    -1.094 r  myClks/inst/clkout1_buf/O
                         net (fo=14, routed)          0.582    -0.513    myVga/clk_148_5
    SLICE_X36Y86         FDRE                                         r  myVga/h_ctr_reg[7]/C
  -------------------------------------------------------------------    -------------------
    SLICE_X36Y86         FDRE (Prop_fdre_C_Q)         0.141    -0.372 r  myVga/h_ctr_reg[7]/Q
                         net (fo=7, routed)           0.171    -0.201    myVga/x_pos[7]
    SLICE_X36Y86         CARRY4 (Prop_carry4_S[2]_O[3])
                                                      0.144    -0.057 r  myVga/h_ctr_reg[8]_i_1/O[3]
                         net (fo=1, routed)           0.000    -0.057    myVga/data0[8]
    SLICE_X36Y86         FDRE                                         r  myVga/h_ctr_reg[8]/D
  -------------------------------------------------------------------    -------------------

                         (clock clk_148_5_clk_wiz_0 rise edge)
                                                      0.000     0.000 r  
    H16                                               0.000     0.000 r  clk (IN)
                         net (fo=0)                   0.000     0.000    myClks/inst/clk_in1
    H16                  IBUF (Prop_ibuf_I_O)         0.413     0.413 r  myClks/inst/clkin1_ibufg/O
                         net (fo=1, routed)           0.480     0.893    myClks/inst/clk_in1_clk_wiz_0
    MMCME2_ADV_X0Y1      MMCME2_ADV (Prop_mmcme2_adv_CLKIN1_CLKOUT0)
                                                     -3.047    -2.154 r  myClks/inst/mmcm_adv_inst/CLKOUT0
                         net (fo=1, routed)           0.528    -1.626    myClks/inst/clk_148_5_clk_wiz_0
    BUFGCTRL_X0Y16       BUFG (Prop_bufg_I_O)         0.029    -1.597 r  myClks/inst/clkout1_buf/O
                         net (fo=14, routed)          0.851    -0.746    myVga/clk_148_5
    SLICE_X36Y86         FDRE                                         r  myVga/h_ctr_reg[8]/C
                         clock pessimism              0.234    -0.513    
    SLICE_X36Y86         FDRE (Hold_fdre_C_D)         0.105    -0.408    myVga/h_ctr_reg[8]
  -------------------------------------------------------------------
                         required time                          0.408    
                         arrival time                          -0.057    
  -------------------------------------------------------------------
                         slack                                  0.351    

Slack (MET) :             0.362ns  (arrival time - required time)
  Source:                 myVga/h_ctr_reg[10]/C
                            (rising edge-triggered cell FDRE clocked by clk_148_5_clk_wiz_0  {rise@0.000ns fall@3.367ns period=6.734ns})
  Destination:            myVga/h_ctr_reg[10]/D
                            (rising edge-triggered cell FDRE clocked by clk_148_5_clk_wiz_0  {rise@0.000ns fall@3.367ns period=6.734ns})
  Path Group:             clk_148_5_clk_wiz_0
  Path Type:              Hold (Min at Fast Process Corner)
  Requirement:            0.000ns  (clk_148_5_clk_wiz_0 rise@0.000ns - clk_148_5_clk_wiz_0 rise@0.000ns)
  Data Path Delay:        0.467ns  (logic 0.251ns (53.793%)  route 0.216ns (46.207%))
  Logic Levels:           1  (CARRY4=1)
  Clock Path Skew:        0.000ns (DCD - SCD - CPR)
    Destination Clock Delay (DCD):    -0.745ns
    Source Clock Delay      (SCD):    -0.512ns
    Clock Pessimism Removal (CPR):    -0.234ns

    Location             Delay type                Incr(ns)  Path(ns)    Netlist Resource(s)
  -------------------------------------------------------------------    -------------------
                         (clock clk_148_5_clk_wiz_0 rise edge)
                                                      0.000     0.000 r  
    H16                                               0.000     0.000 r  clk (IN)
                         net (fo=0)                   0.000     0.000    myClks/inst/clk_in1
    H16                  IBUF (Prop_ibuf_I_O)         0.225     0.225 r  myClks/inst/clkin1_ibufg/O
                         net (fo=1, routed)           0.440     0.665    myClks/inst/clk_in1_clk_wiz_0
    MMCME2_ADV_X0Y1      MMCME2_ADV (Prop_mmcme2_adv_CLKIN1_CLKOUT0)
                                                     -2.268    -1.602 r  myClks/inst/mmcm_adv_inst/CLKOUT0
                         net (fo=1, routed)           0.482    -1.120    myClks/inst/clk_148_5_clk_wiz_0
    BUFGCTRL_X0Y16       BUFG (Prop_bufg_I_O)         0.026    -1.094 r  myClks/inst/clkout1_buf/O
                         net (fo=14, routed)          0.583    -0.512    myVga/clk_148_5
    SLICE_X36Y87         FDRE                                         r  myVga/h_ctr_reg[10]/C
  -------------------------------------------------------------------    -------------------
    SLICE_X36Y87         FDRE (Prop_fdre_C_Q)         0.141    -0.371 r  myVga/h_ctr_reg[10]/Q
                         net (fo=8, routed)           0.216    -0.155    myVga/x_pos[10]
    SLICE_X36Y87         CARRY4 (Prop_carry4_S[1]_O[1])
                                                      0.110    -0.045 r  myVga/h_ctr_reg[11]_i_2/O[1]
                         net (fo=1, routed)           0.000    -0.045    myVga/data0[10]
    SLICE_X36Y87         FDRE                                         r  myVga/h_ctr_reg[10]/D
  -------------------------------------------------------------------    -------------------

                         (clock clk_148_5_clk_wiz_0 rise edge)
                                                      0.000     0.000 r  
    H16                                               0.000     0.000 r  clk (IN)
                         net (fo=0)                   0.000     0.000    myClks/inst/clk_in1
    H16                  IBUF (Prop_ibuf_I_O)         0.413     0.413 r  myClks/inst/clkin1_ibufg/O
                         net (fo=1, routed)           0.480     0.893    myClks/inst/clk_in1_clk_wiz_0
    MMCME2_ADV_X0Y1      MMCME2_ADV (Prop_mmcme2_adv_CLKIN1_CLKOUT0)
                                                     -3.047    -2.154 r  myClks/inst/mmcm_adv_inst/CLKOUT0
                         net (fo=1, routed)           0.528    -1.626    myClks/inst/clk_148_5_clk_wiz_0
    BUFGCTRL_X0Y16       BUFG (Prop_bufg_I_O)         0.029    -1.597 r  myClks/inst/clkout1_buf/O
                         net (fo=14, routed)          0.852    -0.745    myVga/clk_148_5
    SLICE_X36Y87         FDRE                                         r  myVga/h_ctr_reg[10]/C
                         clock pessimism              0.234    -0.512    
    SLICE_X36Y87         FDRE (Hold_fdre_C_D)         0.105    -0.407    myVga/h_ctr_reg[10]
  -------------------------------------------------------------------
                         required time                          0.407    
                         arrival time                          -0.045    
  -------------------------------------------------------------------
                         slack                                  0.362    

Slack (MET) :             0.362ns  (arrival time - required time)
  Source:                 myVga/h_ctr_reg[6]/C
                            (rising edge-triggered cell FDRE clocked by clk_148_5_clk_wiz_0  {rise@0.000ns fall@3.367ns period=6.734ns})
  Destination:            myVga/h_ctr_reg[6]/D
                            (rising edge-triggered cell FDRE clocked by clk_148_5_clk_wiz_0  {rise@0.000ns fall@3.367ns period=6.734ns})
  Path Group:             clk_148_5_clk_wiz_0
  Path Type:              Hold (Min at Fast Process Corner)
  Requirement:            0.000ns  (clk_148_5_clk_wiz_0 rise@0.000ns - clk_148_5_clk_wiz_0 rise@0.000ns)
  Data Path Delay:        0.467ns  (logic 0.251ns (53.793%)  route 0.216ns (46.207%))
  Logic Levels:           1  (CARRY4=1)
  Clock Path Skew:        0.000ns (DCD - SCD - CPR)
    Destination Clock Delay (DCD):    -0.746ns
    Source Clock Delay      (SCD):    -0.513ns
    Clock Pessimism Removal (CPR):    -0.234ns

    Location             Delay type                Incr(ns)  Path(ns)    Netlist Resource(s)
  -------------------------------------------------------------------    -------------------
                         (clock clk_148_5_clk_wiz_0 rise edge)
                                                      0.000     0.000 r  
    H16                                               0.000     0.000 r  clk (IN)
                         net (fo=0)                   0.000     0.000    myClks/inst/clk_in1
    H16                  IBUF (Prop_ibuf_I_O)         0.225     0.225 r  myClks/inst/clkin1_ibufg/O
                         net (fo=1, routed)           0.440     0.665    myClks/inst/clk_in1_clk_wiz_0
    MMCME2_ADV_X0Y1      MMCME2_ADV (Prop_mmcme2_adv_CLKIN1_CLKOUT0)
                                                     -2.268    -1.602 r  myClks/inst/mmcm_adv_inst/CLKOUT0
                         net (fo=1, routed)           0.482    -1.120    myClks/inst/clk_148_5_clk_wiz_0
    BUFGCTRL_X0Y16       BUFG (Prop_bufg_I_O)         0.026    -1.094 r  myClks/inst/clkout1_buf/O
                         net (fo=14, routed)          0.582    -0.513    myVga/clk_148_5
    SLICE_X36Y86         FDRE                                         r  myVga/h_ctr_reg[6]/C
  -------------------------------------------------------------------    -------------------
    SLICE_X36Y86         FDRE (Prop_fdre_C_Q)         0.141    -0.372 r  myVga/h_ctr_reg[6]/Q
                         net (fo=5, routed)           0.216    -0.156    myVga/h_ctr_reg_n_0_[6]
    SLICE_X36Y86         CARRY4 (Prop_carry4_S[1]_O[1])
                                                      0.110    -0.046 r  myVga/h_ctr_reg[8]_i_1/O[1]
                         net (fo=1, routed)           0.000    -0.046    myVga/data0[6]
    SLICE_X36Y86         FDRE                                         r  myVga/h_ctr_reg[6]/D
  -------------------------------------------------------------------    -------------------

                         (clock clk_148_5_clk_wiz_0 rise edge)
                                                      0.000     0.000 r  
    H16                                               0.000     0.000 r  clk (IN)
                         net (fo=0)                   0.000     0.000    myClks/inst/clk_in1
    H16                  IBUF (Prop_ibuf_I_O)         0.413     0.413 r  myClks/inst/clkin1_ibufg/O
                         net (fo=1, routed)           0.480     0.893    myClks/inst/clk_in1_clk_wiz_0
    MMCME2_ADV_X0Y1      MMCME2_ADV (Prop_mmcme2_adv_CLKIN1_CLKOUT0)
                                                     -3.047    -2.154 r  myClks/inst/mmcm_adv_inst/CLKOUT0
                         net (fo=1, routed)           0.528    -1.626    myClks/inst/clk_148_5_clk_wiz_0
    BUFGCTRL_X0Y16       BUFG (Prop_bufg_I_O)         0.029    -1.597 r  myClks/inst/clkout1_buf/O
                         net (fo=14, routed)          0.851    -0.746    myVga/clk_148_5
    SLICE_X36Y86         FDRE                                         r  myVga/h_ctr_reg[6]/C
                         clock pessimism              0.234    -0.513    
    SLICE_X36Y86         FDRE (Hold_fdre_C_D)         0.105    -0.408    myVga/h_ctr_reg[6]
  -------------------------------------------------------------------
                         required time                          0.408    
                         arrival time                          -0.046    
  -------------------------------------------------------------------
                         slack                                  0.362    

Slack (MET) :             0.368ns  (arrival time - required time)
  Source:                 myVga/h_ctr_reg[1]/C
                            (rising edge-triggered cell FDRE clocked by clk_148_5_clk_wiz_0  {rise@0.000ns fall@3.367ns period=6.734ns})
  Destination:            myVga/h_ctr_reg[1]/D
                            (rising edge-triggered cell FDRE clocked by clk_148_5_clk_wiz_0  {rise@0.000ns fall@3.367ns period=6.734ns})
  Path Group:             clk_148_5_clk_wiz_0
  Path Type:              Hold (Min at Fast Process Corner)
  Requirement:            0.000ns  (clk_148_5_clk_wiz_0 rise@0.000ns - clk_148_5_clk_wiz_0 rise@0.000ns)
  Data Path Delay:        0.473ns  (logic 0.256ns (54.121%)  route 0.217ns (45.879%))
  Logic Levels:           1  (CARRY4=1)
  Clock Path Skew:        0.000ns (DCD - SCD - CPR)
    Destination Clock Delay (DCD):    -0.746ns
    Source Clock Delay      (SCD):    -0.513ns
    Clock Pessimism Removal (CPR):    -0.234ns

    Location             Delay type                Incr(ns)  Path(ns)    Netlist Resource(s)
  -------------------------------------------------------------------    -------------------
                         (clock clk_148_5_clk_wiz_0 rise edge)
                                                      0.000     0.000 r  
    H16                                               0.000     0.000 r  clk (IN)
                         net (fo=0)                   0.000     0.000    myClks/inst/clk_in1
    H16                  IBUF (Prop_ibuf_I_O)         0.225     0.225 r  myClks/inst/clkin1_ibufg/O
                         net (fo=1, routed)           0.440     0.665    myClks/inst/clk_in1_clk_wiz_0
    MMCME2_ADV_X0Y1      MMCME2_ADV (Prop_mmcme2_adv_CLKIN1_CLKOUT0)
                                                     -2.268    -1.602 r  myClks/inst/mmcm_adv_inst/CLKOUT0
                         net (fo=1, routed)           0.482    -1.120    myClks/inst/clk_148_5_clk_wiz_0
    BUFGCTRL_X0Y16       BUFG (Prop_bufg_I_O)         0.026    -1.094 r  myClks/inst/clkout1_buf/O
                         net (fo=14, routed)          0.582    -0.513    myVga/clk_148_5
    SLICE_X36Y85         FDRE                                         r  myVga/h_ctr_reg[1]/C
  -------------------------------------------------------------------    -------------------
    SLICE_X36Y85         FDRE (Prop_fdre_C_Q)         0.141    -0.372 r  myVga/h_ctr_reg[1]/Q
                         net (fo=5, routed)           0.217    -0.155    myVga/h_ctr_reg_n_0_[1]
    SLICE_X36Y85         CARRY4 (Prop_carry4_S[0]_O[0])
                                                      0.115    -0.040 r  myVga/h_ctr_reg[4]_i_1/O[0]
                         net (fo=1, routed)           0.000    -0.040    myVga/data0[1]
    SLICE_X36Y85         FDRE                                         r  myVga/h_ctr_reg[1]/D
  -------------------------------------------------------------------    -------------------

                         (clock clk_148_5_clk_wiz_0 rise edge)
                                                      0.000     0.000 r  
    H16                                               0.000     0.000 r  clk (IN)
                         net (fo=0)                   0.000     0.000    myClks/inst/clk_in1
    H16                  IBUF (Prop_ibuf_I_O)         0.413     0.413 r  myClks/inst/clkin1_ibufg/O
                         net (fo=1, routed)           0.480     0.893    myClks/inst/clk_in1_clk_wiz_0
    MMCME2_ADV_X0Y1      MMCME2_ADV (Prop_mmcme2_adv_CLKIN1_CLKOUT0)
                                                     -3.047    -2.154 r  myClks/inst/mmcm_adv_inst/CLKOUT0
                         net (fo=1, routed)           0.528    -1.626    myClks/inst/clk_148_5_clk_wiz_0
    BUFGCTRL_X0Y16       BUFG (Prop_bufg_I_O)         0.029    -1.597 r  myClks/inst/clkout1_buf/O
                         net (fo=14, routed)          0.851    -0.746    myVga/clk_148_5
    SLICE_X36Y85         FDRE                                         r  myVga/h_ctr_reg[1]/C
                         clock pessimism              0.234    -0.513    
    SLICE_X36Y85         FDRE (Hold_fdre_C_D)         0.105    -0.408    myVga/h_ctr_reg[1]
  -------------------------------------------------------------------
                         required time                          0.408    
                         arrival time                          -0.040    
  -------------------------------------------------------------------
                         slack                                  0.368    

Slack (MET) :             0.373ns  (arrival time - required time)
  Source:                 myVga/h_ctr_reg[5]/C
                            (rising edge-triggered cell FDRE clocked by clk_148_5_clk_wiz_0  {rise@0.000ns fall@3.367ns period=6.734ns})
  Destination:            myVga/h_ctr_reg[5]/D
                            (rising edge-triggered cell FDRE clocked by clk_148_5_clk_wiz_0  {rise@0.000ns fall@3.367ns period=6.734ns})
  Path Group:             clk_148_5_clk_wiz_0
  Path Type:              Hold (Min at Fast Process Corner)
  Requirement:            0.000ns  (clk_148_5_clk_wiz_0 rise@0.000ns - clk_148_5_clk_wiz_0 rise@0.000ns)
  Data Path Delay:        0.478ns  (logic 0.256ns (53.569%)  route 0.222ns (46.431%))
  Logic Levels:           1  (CARRY4=1)
  Clock Path Skew:        0.000ns (DCD - SCD - CPR)
    Destination Clock Delay (DCD):    -0.746ns
    Source Clock Delay      (SCD):    -0.513ns
    Clock Pessimism Removal (CPR):    -0.234ns

    Location             Delay type                Incr(ns)  Path(ns)    Netlist Resource(s)
  -------------------------------------------------------------------    -------------------
                         (clock clk_148_5_clk_wiz_0 rise edge)
                                                      0.000     0.000 r  
    H16                                               0.000     0.000 r  clk (IN)
                         net (fo=0)                   0.000     0.000    myClks/inst/clk_in1
    H16                  IBUF (Prop_ibuf_I_O)         0.225     0.225 r  myClks/inst/clkin1_ibufg/O
                         net (fo=1, routed)           0.440     0.665    myClks/inst/clk_in1_clk_wiz_0
    MMCME2_ADV_X0Y1      MMCME2_ADV (Prop_mmcme2_adv_CLKIN1_CLKOUT0)
                                                     -2.268    -1.602 r  myClks/inst/mmcm_adv_inst/CLKOUT0
                         net (fo=1, routed)           0.482    -1.120    myClks/inst/clk_148_5_clk_wiz_0
    BUFGCTRL_X0Y16       BUFG (Prop_bufg_I_O)         0.026    -1.094 r  myClks/inst/clkout1_buf/O
                         net (fo=14, routed)          0.582    -0.513    myVga/clk_148_5
    SLICE_X36Y86         FDRE                                         r  myVga/h_ctr_reg[5]/C
  -------------------------------------------------------------------    -------------------
    SLICE_X36Y86         FDRE (Prop_fdre_C_Q)         0.141    -0.372 r  myVga/h_ctr_reg[5]/Q
                         net (fo=5, routed)           0.222    -0.150    myVga/h_ctr_reg_n_0_[5]
    SLICE_X36Y86         CARRY4 (Prop_carry4_S[0]_O[0])
                                                      0.115    -0.035 r  myVga/h_ctr_reg[8]_i_1/O[0]
                         net (fo=1, routed)           0.000    -0.035    myVga/data0[5]
    SLICE_X36Y86         FDRE                                         r  myVga/h_ctr_reg[5]/D
  -------------------------------------------------------------------    -------------------

                         (clock clk_148_5_clk_wiz_0 rise edge)
                                                      0.000     0.000 r  
    H16                                               0.000     0.000 r  clk (IN)
                         net (fo=0)                   0.000     0.000    myClks/inst/clk_in1
    H16                  IBUF (Prop_ibuf_I_O)         0.413     0.413 r  myClks/inst/clkin1_ibufg/O
                         net (fo=1, routed)           0.480     0.893    myClks/inst/clk_in1_clk_wiz_0
    MMCME2_ADV_X0Y1      MMCME2_ADV (Prop_mmcme2_adv_CLKIN1_CLKOUT0)
                                                     -3.047    -2.154 r  myClks/inst/mmcm_adv_inst/CLKOUT0
                         net (fo=1, routed)           0.528    -1.626    myClks/inst/clk_148_5_clk_wiz_0
    BUFGCTRL_X0Y16       BUFG (Prop_bufg_I_O)         0.029    -1.597 r  myClks/inst/clkout1_buf/O
                         net (fo=14, routed)          0.851    -0.746    myVga/clk_148_5
    SLICE_X36Y86         FDRE                                         r  myVga/h_ctr_reg[5]/C
                         clock pessimism              0.234    -0.513    
    SLICE_X36Y86         FDRE (Hold_fdre_C_D)         0.105    -0.408    myVga/h_ctr_reg[5]
  -------------------------------------------------------------------
                         required time                          0.408    
                         arrival time                          -0.035    
  -------------------------------------------------------------------
                         slack                                  0.373    

Slack (MET) :             0.396ns  (arrival time - required time)
  Source:                 myVga/h_ctr_reg[10]/C
                            (rising edge-triggered cell FDRE clocked by clk_148_5_clk_wiz_0  {rise@0.000ns fall@3.367ns period=6.734ns})
  Destination:            myVga/h_sync_reg/D
                            (rising edge-triggered cell FDRE clocked by clk_148_5_clk_wiz_0  {rise@0.000ns fall@3.367ns period=6.734ns})
  Path Group:             clk_148_5_clk_wiz_0
  Path Type:              Hold (Min at Fast Process Corner)
  Requirement:            0.000ns  (clk_148_5_clk_wiz_0 rise@0.000ns - clk_148_5_clk_wiz_0 rise@0.000ns)
  Data Path Delay:        0.552ns  (logic 0.186ns (33.685%)  route 0.366ns (66.315%))
  Logic Levels:           1  (LUT2=1)
  Clock Path Skew:        0.036ns (DCD - SCD - CPR)
    Destination Clock Delay (DCD):    -0.744ns
    Source Clock Delay      (SCD):    -0.512ns
    Clock Pessimism Removal (CPR):    -0.269ns

    Location             Delay type                Incr(ns)  Path(ns)    Netlist Resource(s)
  -------------------------------------------------------------------    -------------------
                         (clock clk_148_5_clk_wiz_0 rise edge)
                                                      0.000     0.000 r  
    H16                                               0.000     0.000 r  clk (IN)
                         net (fo=0)                   0.000     0.000    myClks/inst/clk_in1
    H16                  IBUF (Prop_ibuf_I_O)         0.225     0.225 r  myClks/inst/clkin1_ibufg/O
                         net (fo=1, routed)           0.440     0.665    myClks/inst/clk_in1_clk_wiz_0
    MMCME2_ADV_X0Y1      MMCME2_ADV (Prop_mmcme2_adv_CLKIN1_CLKOUT0)
                                                     -2.268    -1.602 r  myClks/inst/mmcm_adv_inst/CLKOUT0
                         net (fo=1, routed)           0.482    -1.120    myClks/inst/clk_148_5_clk_wiz_0
    BUFGCTRL_X0Y16       BUFG (Prop_bufg_I_O)         0.026    -1.094 r  myClks/inst/clkout1_buf/O
                         net (fo=14, routed)          0.583    -0.512    myVga/clk_148_5
    SLICE_X36Y87         FDRE                                         r  myVga/h_ctr_reg[10]/C
  -------------------------------------------------------------------    -------------------
    SLICE_X36Y87         FDRE (Prop_fdre_C_Q)         0.141    -0.371 r  myVga/h_ctr_reg[10]/Q
                         net (fo=8, routed)           0.366    -0.004    myVga/x_pos[10]
    SLICE_X42Y86         LUT2 (Prop_lut2_I0_O)        0.045     0.041 r  myVga/h_sync_i_2/O
                         net (fo=1, routed)           0.000     0.041    myVga/h_sync_i_2_n_0
    SLICE_X42Y86         FDRE                                         r  myVga/h_sync_reg/D
  -------------------------------------------------------------------    -------------------

                         (clock clk_148_5_clk_wiz_0 rise edge)
                                                      0.000     0.000 r  
    H16                                               0.000     0.000 r  clk (IN)
                         net (fo=0)                   0.000     0.000    myClks/inst/clk_in1
    H16                  IBUF (Prop_ibuf_I_O)         0.413     0.413 r  myClks/inst/clkin1_ibufg/O
                         net (fo=1, routed)           0.480     0.893    myClks/inst/clk_in1_clk_wiz_0
    MMCME2_ADV_X0Y1      MMCME2_ADV (Prop_mmcme2_adv_CLKIN1_CLKOUT0)
                                                     -3.047    -2.154 r  myClks/inst/mmcm_adv_inst/CLKOUT0
                         net (fo=1, routed)           0.528    -1.626    myClks/inst/clk_148_5_clk_wiz_0
    BUFGCTRL_X0Y16       BUFG (Prop_bufg_I_O)         0.029    -1.597 r  myClks/inst/clkout1_buf/O
                         net (fo=14, routed)          0.853    -0.744    myVga/clk_148_5
    SLICE_X42Y86         FDRE                                         r  myVga/h_sync_reg/C
                         clock pessimism              0.269    -0.476    
    SLICE_X42Y86         FDRE (Hold_fdre_C_D)         0.120    -0.356    myVga/h_sync_reg
  -------------------------------------------------------------------
                         required time                          0.356    
                         arrival time                           0.041    
  -------------------------------------------------------------------
                         slack                                  0.396    





Pulse Width Checks
--------------------------------------------------------------------------------------
Clock Name:         clk_148_5_clk_wiz_0
Waveform(ns):       { 0.000 3.367 }
Period(ns):         6.734
Sources:            { myClks/inst/mmcm_adv_inst/CLKOUT0 }

Check Type        Corner  Lib Pin             Reference Pin  Required(ns)  Actual(ns)  Slack(ns)  Location         Pin
Min Period        n/a     BUFG/I              n/a            2.155         6.734       4.579      BUFGCTRL_X0Y16   myClks/inst/clkout1_buf/I
Min Period        n/a     MMCME2_ADV/CLKOUT0  n/a            1.249         6.734       5.485      MMCME2_ADV_X0Y1  myClks/inst/mmcm_adv_inst/CLKOUT0
Min Period        n/a     FDRE/C              n/a            1.000         6.734       5.734      SLICE_X37Y85     myVga/h_ctr_reg[0]/C
Min Period        n/a     FDRE/C              n/a            1.000         6.734       5.734      SLICE_X36Y87     myVga/h_ctr_reg[10]/C
Min Period        n/a     FDRE/C              n/a            1.000         6.734       5.734      SLICE_X36Y87     myVga/h_ctr_reg[11]/C
Min Period        n/a     FDRE/C              n/a            1.000         6.734       5.734      SLICE_X36Y85     myVga/h_ctr_reg[1]/C
Min Period        n/a     FDRE/C              n/a            1.000         6.734       5.734      SLICE_X36Y85     myVga/h_ctr_reg[2]/C
Min Period        n/a     FDRE/C              n/a            1.000         6.734       5.734      SLICE_X36Y85     myVga/h_ctr_reg[3]/C
Min Period        n/a     FDRE/C              n/a            1.000         6.734       5.734      SLICE_X36Y85     myVga/h_ctr_reg[4]/C
Min Period        n/a     FDRE/C              n/a            1.000         6.734       5.734      SLICE_X36Y86     myVga/h_ctr_reg[5]/C
Max Period        n/a     MMCME2_ADV/CLKOUT0  n/a            213.360       6.734       206.626    MMCME2_ADV_X0Y1  myClks/inst/mmcm_adv_inst/CLKOUT0
Low Pulse Width   Slow    FDRE/C              n/a            0.500         3.367       2.867      SLICE_X37Y85     myVga/h_ctr_reg[0]/C
Low Pulse Width   Fast    FDRE/C              n/a            0.500         3.367       2.867      SLICE_X37Y85     myVga/h_ctr_reg[0]/C
Low Pulse Width   Slow    FDRE/C              n/a            0.500         3.367       2.867      SLICE_X36Y87     myVga/h_ctr_reg[10]/C
Low Pulse Width   Fast    FDRE/C              n/a            0.500         3.367       2.867      SLICE_X36Y87     myVga/h_ctr_reg[10]/C
Low Pulse Width   Slow    FDRE/C              n/a            0.500         3.367       2.867      SLICE_X36Y87     myVga/h_ctr_reg[11]/C
Low Pulse Width   Fast    FDRE/C              n/a            0.500         3.367       2.867      SLICE_X36Y87     myVga/h_ctr_reg[11]/C
Low Pulse Width   Slow    FDRE/C              n/a            0.500         3.367       2.867      SLICE_X36Y85     myVga/h_ctr_reg[1]/C
Low Pulse Width   Fast    FDRE/C              n/a            0.500         3.367       2.867      SLICE_X36Y85     myVga/h_ctr_reg[1]/C
Low Pulse Width   Slow    FDRE/C              n/a            0.500         3.367       2.867      SLICE_X36Y85     myVga/h_ctr_reg[2]/C
Low Pulse Width   Fast    FDRE/C              n/a            0.500         3.367       2.867      SLICE_X36Y85     myVga/h_ctr_reg[2]/C
High Pulse Width  Slow    FDRE/C              n/a            0.500         3.367       2.867      SLICE_X37Y85     myVga/h_ctr_reg[0]/C
High Pulse Width  Fast    FDRE/C              n/a            0.500         3.367       2.867      SLICE_X37Y85     myVga/h_ctr_reg[0]/C
High Pulse Width  Slow    FDRE/C              n/a            0.500         3.367       2.867      SLICE_X36Y87     myVga/h_ctr_reg[10]/C
High Pulse Width  Fast    FDRE/C              n/a            0.500         3.367       2.867      SLICE_X36Y87     myVga/h_ctr_reg[10]/C
High Pulse Width  Slow    FDRE/C              n/a            0.500         3.367       2.867      SLICE_X36Y87     myVga/h_ctr_reg[11]/C
High Pulse Width  Fast    FDRE/C              n/a            0.500         3.367       2.867      SLICE_X36Y87     myVga/h_ctr_reg[11]/C
High Pulse Width  Slow    FDRE/C              n/a            0.500         3.367       2.867      SLICE_X36Y85     myVga/h_ctr_reg[1]/C
High Pulse Width  Fast    FDRE/C              n/a            0.500         3.367       2.867      SLICE_X36Y85     myVga/h_ctr_reg[1]/C
High Pulse Width  Slow    FDRE/C              n/a            0.500         3.367       2.867      SLICE_X36Y85     myVga/h_ctr_reg[2]/C
High Pulse Width  Fast    FDRE/C              n/a            0.500         3.367       2.867      SLICE_X36Y85     myVga/h_ctr_reg[2]/C



---------------------------------------------------------------------------------------------------
From Clock:  clkfbout_clk_wiz_0
  To Clock:  clkfbout_clk_wiz_0

Setup :           NA  Failing Endpoints,  Worst Slack           NA  ,  Total Violation           NA
Hold  :           NA  Failing Endpoints,  Worst Slack           NA  ,  Total Violation           NA
PW    :            0  Failing Endpoints,  Worst Slack       37.845ns,  Total Violation        0.000ns
---------------------------------------------------------------------------------------------------


Pulse Width Checks
--------------------------------------------------------------------------------------
Clock Name:         clkfbout_clk_wiz_0
Waveform(ns):       { 0.000 20.000 }
Period(ns):         40.000
Sources:            { myClks/inst/mmcm_adv_inst/CLKFBOUT }

Check Type  Corner  Lib Pin              Reference Pin  Required(ns)  Actual(ns)  Slack(ns)  Location         Pin
Min Period  n/a     BUFG/I               n/a            2.155         40.000      37.845     BUFGCTRL_X0Y17   myClks/inst/clkf_buf/I
Min Period  n/a     MMCME2_ADV/CLKFBOUT  n/a            1.249         40.000      38.751     MMCME2_ADV_X0Y1  myClks/inst/mmcm_adv_inst/CLKFBOUT
Min Period  n/a     MMCME2_ADV/CLKFBIN   n/a            1.249         40.000      38.751     MMCME2_ADV_X0Y1  myClks/inst/mmcm_adv_inst/CLKFBIN
Max Period  n/a     MMCME2_ADV/CLKFBIN   n/a            100.000       40.000      60.000     MMCME2_ADV_X0Y1  myClks/inst/mmcm_adv_inst/CLKFBIN
Max Period  n/a     MMCME2_ADV/CLKFBOUT  n/a            213.360       40.000      173.360    MMCME2_ADV_X0Y1  myClks/inst/mmcm_adv_inst/CLKFBOUT



--------------------------------------------------------------------------------------
Path Group:  (none)
From Clock:  
  To Clock:  

Max Delay            38 Endpoints
Min Delay            38 Endpoints
--------------------------------------------------------------------------------------


Max Delay Paths
--------------------------------------------------------------------------------------
Slack:                    inf
  Source:                 myVga/v_ctr_reg[0]/C
                            (rising edge-triggered cell FDRE)
  Destination:            JB2_N
                            (output port)
  Path Group:             (none)
  Path Type:              Max at Slow Process Corner
  Data Path Delay:        9.090ns  (logic 4.546ns (50.011%)  route 4.544ns (49.989%))
  Logic Levels:           5  (FDRE=1 LUT5=1 LUT6=2 OBUF=1)

    Location             Delay type                Incr(ns)  Path(ns)    Netlist Resource(s)
  -------------------------------------------------------------------    -------------------
    SLICE_X41Y84         FDRE                         0.000     0.000 r  myVga/v_ctr_reg[0]/C
    SLICE_X41Y84         FDRE (Prop_fdre_C_Q)         0.456     0.456 f  myVga/v_ctr_reg[0]/Q
                         net (fo=5, routed)           0.978     1.434    myVga/v_ctr_reg_n_0_[0]
    SLICE_X41Y85         LUT6 (Prop_lut6_I3_O)        0.124     1.558 r  myVga/JB1_P_OBUF_inst_i_4/O
                         net (fo=1, routed)           0.406     1.964    myVga/JB1_P_OBUF_inst_i_4_n_0
    SLICE_X41Y86         LUT6 (Prop_lut6_I4_O)        0.124     2.088 r  myVga/JB1_P_OBUF_inst_i_2/O
                         net (fo=12, routed)          0.850     2.938    myVga/JB1_P_OBUF_inst_i_2_n_0
    SLICE_X42Y86         LUT5 (Prop_lut5_I1_O)        0.116     3.054 r  myVga/JB2_N_OBUF_inst_i_1/O
                         net (fo=1, routed)           2.310     5.364    JB2_N_OBUF
    F20                  OBUF (Prop_obuf_I_O)         3.726     9.090 r  JB2_N_OBUF_inst/O
                         net (fo=0)                   0.000     9.090    JB2_N
    F20                                                               r  JB2_N (OUT)
  -------------------------------------------------------------------    -------------------

Slack:                    inf
  Source:                 myVga/v_ctr_reg[0]/C
                            (rising edge-triggered cell FDRE)
  Destination:            JA2_N
                            (output port)
  Path Group:             (none)
  Path Type:              Max at Slow Process Corner
  Data Path Delay:        8.924ns  (logic 4.348ns (48.721%)  route 4.576ns (51.279%))
  Logic Levels:           5  (FDRE=1 LUT5=1 LUT6=2 OBUF=1)

    Location             Delay type                Incr(ns)  Path(ns)    Netlist Resource(s)
  -------------------------------------------------------------------    -------------------
    SLICE_X41Y84         FDRE                         0.000     0.000 r  myVga/v_ctr_reg[0]/C
    SLICE_X41Y84         FDRE (Prop_fdre_C_Q)         0.456     0.456 f  myVga/v_ctr_reg[0]/Q
                         net (fo=5, routed)           0.978     1.434    myVga/v_ctr_reg_n_0_[0]
    SLICE_X41Y85         LUT6 (Prop_lut6_I3_O)        0.124     1.558 r  myVga/JB1_P_OBUF_inst_i_4/O
                         net (fo=1, routed)           0.406     1.964    myVga/JB1_P_OBUF_inst_i_4_n_0
    SLICE_X41Y86         LUT6 (Prop_lut6_I4_O)        0.124     2.088 r  myVga/JB1_P_OBUF_inst_i_2/O
                         net (fo=12, routed)          0.834     2.923    myVga/JB1_P_OBUF_inst_i_2_n_0
    SLICE_X42Y86         LUT5 (Prop_lut5_I1_O)        0.124     3.047 r  myVga/JA2_N_OBUF_inst_i_1/O
                         net (fo=1, routed)           2.358     5.404    JA2_N_OBUF
    G20                  OBUF (Prop_obuf_I_O)         3.520     8.924 r  JA2_N_OBUF_inst/O
                         net (fo=0)                   0.000     8.924    JA2_N
    G20                                                               r  JA2_N (OUT)
  -------------------------------------------------------------------    -------------------

Slack:                    inf
  Source:                 myVga/v_ctr_reg[0]/C
                            (rising edge-triggered cell FDRE)
  Destination:            JB3_P
                            (output port)
  Path Group:             (none)
  Path Type:              Max at Slow Process Corner
  Data Path Delay:        8.558ns  (logic 4.358ns (50.926%)  route 4.200ns (49.074%))
  Logic Levels:           5  (FDRE=1 LUT6=3 OBUF=1)

    Location             Delay type                Incr(ns)  Path(ns)    Netlist Resource(s)
  -------------------------------------------------------------------    -------------------
    SLICE_X41Y84         FDRE                         0.000     0.000 r  myVga/v_ctr_reg[0]/C
    SLICE_X41Y84         FDRE (Prop_fdre_C_Q)         0.456     0.456 f  myVga/v_ctr_reg[0]/Q
                         net (fo=5, routed)           0.978     1.434    myVga/v_ctr_reg_n_0_[0]
    SLICE_X41Y85         LUT6 (Prop_lut6_I3_O)        0.124     1.558 r  myVga/JB1_P_OBUF_inst_i_4/O
                         net (fo=1, routed)           0.406     1.964    myVga/JB1_P_OBUF_inst_i_4_n_0
    SLICE_X41Y86         LUT6 (Prop_lut6_I4_O)        0.124     2.088 r  myVga/JB1_P_OBUF_inst_i_2/O
                         net (fo=12, routed)          0.905     2.993    myVga/JB1_P_OBUF_inst_i_2_n_0
    SLICE_X42Y89         LUT6 (Prop_lut6_I2_O)        0.124     3.117 r  myVga/JB3_P_OBUF_inst_i_1/O
                         net (fo=1, routed)           1.911     5.028    JB3_P_OBUF
    C20                  OBUF (Prop_obuf_I_O)         3.530     8.558 r  JB3_P_OBUF_inst/O
                         net (fo=0)                   0.000     8.558    JB3_P
    C20                                                               r  JB3_P (OUT)
  -------------------------------------------------------------------    -------------------

Slack:                    inf
  Source:                 myVga/v_ctr_reg[0]/C
                            (rising edge-triggered cell FDRE)
  Destination:            JB2_P
                            (output port)
  Path Group:             (none)
  Path Type:              Max at Slow Process Corner
  Data Path Delay:        8.521ns  (logic 4.350ns (51.054%)  route 4.170ns (48.946%))
  Logic Levels:           5  (FDRE=1 LUT5=1 LUT6=2 OBUF=1)

    Location             Delay type                Incr(ns)  Path(ns)    Netlist Resource(s)
  -------------------------------------------------------------------    -------------------
    SLICE_X41Y84         FDRE                         0.000     0.000 r  myVga/v_ctr_reg[0]/C
    SLICE_X41Y84         FDRE (Prop_fdre_C_Q)         0.456     0.456 f  myVga/v_ctr_reg[0]/Q
                         net (fo=5, routed)           0.978     1.434    myVga/v_ctr_reg_n_0_[0]
    SLICE_X41Y85         LUT6 (Prop_lut6_I3_O)        0.124     1.558 r  myVga/JB1_P_OBUF_inst_i_4/O
                         net (fo=1, routed)           0.406     1.964    myVga/JB1_P_OBUF_inst_i_4_n_0
    SLICE_X41Y86         LUT6 (Prop_lut6_I4_O)        0.124     2.088 r  myVga/JB1_P_OBUF_inst_i_2/O
                         net (fo=12, routed)          0.634     2.722    myVga/JB1_P_OBUF_inst_i_2_n_0
    SLICE_X42Y86         LUT5 (Prop_lut5_I1_O)        0.124     2.846 r  myVga/JB2_P_OBUF_inst_i_1/O
                         net (fo=1, routed)           2.153     4.998    JB2_P_OBUF
    F19                  OBUF (Prop_obuf_I_O)         3.522     8.521 r  JB2_P_OBUF_inst/O
                         net (fo=0)                   0.000     8.521    JB2_P
    F19                                                               r  JB2_P (OUT)
  -------------------------------------------------------------------    -------------------

Slack:                    inf
  Source:                 myVga/v_ctr_reg[0]/C
                            (rising edge-triggered cell FDRE)
  Destination:            JA2_P
                            (output port)
  Path Group:             (none)
  Path Type:              Max at Slow Process Corner
  Data Path Delay:        8.435ns  (logic 4.351ns (51.585%)  route 4.084ns (48.415%))
  Logic Levels:           5  (FDRE=1 LUT5=1 LUT6=2 OBUF=1)

    Location             Delay type                Incr(ns)  Path(ns)    Netlist Resource(s)
  -------------------------------------------------------------------    -------------------
    SLICE_X41Y84         FDRE                         0.000     0.000 r  myVga/v_ctr_reg[0]/C
    SLICE_X41Y84         FDRE (Prop_fdre_C_Q)         0.456     0.456 f  myVga/v_ctr_reg[0]/Q
                         net (fo=5, routed)           0.978     1.434    myVga/v_ctr_reg_n_0_[0]
    SLICE_X41Y85         LUT6 (Prop_lut6_I3_O)        0.124     1.558 r  myVga/JB1_P_OBUF_inst_i_4/O
                         net (fo=1, routed)           0.406     1.964    myVga/JB1_P_OBUF_inst_i_4_n_0
    SLICE_X41Y86         LUT6 (Prop_lut6_I4_O)        0.124     2.088 r  myVga/JB1_P_OBUF_inst_i_2/O
                         net (fo=12, routed)          0.189     2.277    myVga/JB1_P_OBUF_inst_i_2_n_0
    SLICE_X41Y86         LUT5 (Prop_lut5_I1_O)        0.124     2.401 r  myVga/JA2_P_OBUF_inst_i_1/O
                         net (fo=1, routed)           2.511     4.912    JA2_P_OBUF
    G19                  OBUF (Prop_obuf_I_O)         3.523     8.435 r  JA2_P_OBUF_inst/O
                         net (fo=0)                   0.000     8.435    JA2_P
    G19                                                               r  JA2_P (OUT)
  -------------------------------------------------------------------    -------------------

Slack:                    inf
  Source:                 myVga/v_ctr_reg[0]/C
                            (rising edge-triggered cell FDRE)
  Destination:            JB1_N
                            (output port)
  Path Group:             (none)
  Path Type:              Max at Slow Process Corner
  Data Path Delay:        8.416ns  (logic 4.358ns (51.783%)  route 4.058ns (48.217%))
  Logic Levels:           5  (FDRE=1 LUT5=1 LUT6=2 OBUF=1)

    Location             Delay type                Incr(ns)  Path(ns)    Netlist Resource(s)
  -------------------------------------------------------------------    -------------------
    SLICE_X41Y84         FDRE                         0.000     0.000 r  myVga/v_ctr_reg[0]/C
    SLICE_X41Y84         FDRE (Prop_fdre_C_Q)         0.456     0.456 f  myVga/v_ctr_reg[0]/Q
                         net (fo=5, routed)           0.978     1.434    myVga/v_ctr_reg_n_0_[0]
    SLICE_X41Y85         LUT6 (Prop_lut6_I3_O)        0.124     1.558 r  myVga/JB1_P_OBUF_inst_i_4/O
                         net (fo=1, routed)           0.406     1.964    myVga/JB1_P_OBUF_inst_i_4_n_0
    SLICE_X41Y86         LUT6 (Prop_lut6_I4_O)        0.124     2.088 r  myVga/JB1_P_OBUF_inst_i_2/O
                         net (fo=12, routed)          0.966     3.055    myVga/JB1_P_OBUF_inst_i_2_n_0
    SLICE_X41Y87         LUT5 (Prop_lut5_I1_O)        0.124     3.179 r  myVga/JB1_N_OBUF_inst_i_1/O
                         net (fo=1, routed)           1.707     4.886    JB1_N_OBUF
    D20                  OBUF (Prop_obuf_I_O)         3.530     8.416 r  JB1_N_OBUF_inst/O
                         net (fo=0)                   0.000     8.416    JB1_N
    D20                                                               r  JB1_N (OUT)
  -------------------------------------------------------------------    -------------------

Slack:                    inf
  Source:                 myVga/v_ctr_reg[0]/C
                            (rising edge-triggered cell FDRE)
  Destination:            JB1_P
                            (output port)
  Path Group:             (none)
  Path Type:              Max at Slow Process Corner
  Data Path Delay:        8.372ns  (logic 4.360ns (52.076%)  route 4.012ns (47.924%))
  Logic Levels:           5  (FDRE=1 LUT5=1 LUT6=2 OBUF=1)

    Location             Delay type                Incr(ns)  Path(ns)    Netlist Resource(s)
  -------------------------------------------------------------------    -------------------
    SLICE_X41Y84         FDRE                         0.000     0.000 r  myVga/v_ctr_reg[0]/C
    SLICE_X41Y84         FDRE (Prop_fdre_C_Q)         0.456     0.456 f  myVga/v_ctr_reg[0]/Q
                         net (fo=5, routed)           0.978     1.434    myVga/v_ctr_reg_n_0_[0]
    SLICE_X41Y85         LUT6 (Prop_lut6_I3_O)        0.124     1.558 r  myVga/JB1_P_OBUF_inst_i_4/O
                         net (fo=1, routed)           0.406     1.964    myVga/JB1_P_OBUF_inst_i_4_n_0
    SLICE_X41Y86         LUT6 (Prop_lut6_I4_O)        0.124     2.088 r  myVga/JB1_P_OBUF_inst_i_2/O
                         net (fo=12, routed)          0.916     3.004    myVga/JB1_P_OBUF_inst_i_2_n_0
    SLICE_X42Y89         LUT5 (Prop_lut5_I1_O)        0.124     3.128 r  myVga/JB1_P_OBUF_inst_i_1/O
                         net (fo=1, routed)           1.712     4.840    JB1_P_OBUF
    D19                  OBUF (Prop_obuf_I_O)         3.532     8.372 r  JB1_P_OBUF_inst/O
                         net (fo=0)                   0.000     8.372    JB1_P
    D19                                                               r  JB1_P (OUT)
  -------------------------------------------------------------------    -------------------

Slack:                    inf
  Source:                 myVga/v_ctr_reg[0]/C
                            (rising edge-triggered cell FDRE)
  Destination:            JB3_N
                            (output port)
  Path Group:             (none)
  Path Type:              Max at Slow Process Corner
  Data Path Delay:        8.294ns  (logic 4.360ns (52.567%)  route 3.934ns (47.433%))
  Logic Levels:           5  (FDRE=1 LUT6=3 OBUF=1)

    Location             Delay type                Incr(ns)  Path(ns)    Netlist Resource(s)
  -------------------------------------------------------------------    -------------------
    SLICE_X41Y84         FDRE                         0.000     0.000 r  myVga/v_ctr_reg[0]/C
    SLICE_X41Y84         FDRE (Prop_fdre_C_Q)         0.456     0.456 f  myVga/v_ctr_reg[0]/Q
                         net (fo=5, routed)           0.978     1.434    myVga/v_ctr_reg_n_0_[0]
    SLICE_X41Y85         LUT6 (Prop_lut6_I3_O)        0.124     1.558 r  myVga/JB1_P_OBUF_inst_i_4/O
                         net (fo=1, routed)           0.406     1.964    myVga/JB1_P_OBUF_inst_i_4_n_0
    SLICE_X41Y86         LUT6 (Prop_lut6_I4_O)        0.124     2.088 r  myVga/JB1_P_OBUF_inst_i_2/O
                         net (fo=12, routed)          0.628     2.716    myVga/JB1_P_OBUF_inst_i_2_n_0
    SLICE_X41Y87         LUT6 (Prop_lut6_I2_O)        0.124     2.840 r  myVga/JB3_N_OBUF_inst_i_1/O
                         net (fo=1, routed)           1.922     4.762    JB3_N_OBUF
    B20                  OBUF (Prop_obuf_I_O)         3.532     8.294 r  JB3_N_OBUF_inst/O
                         net (fo=0)                   0.000     8.294    JB3_N
    B20                                                               r  JB3_N (OUT)
  -------------------------------------------------------------------    -------------------

Slack:                    inf
  Source:                 myVga/v_ctr_reg[0]/C
                            (rising edge-triggered cell FDRE)
  Destination:            JB4_N
                            (output port)
  Path Group:             (none)
  Path Type:              Max at Slow Process Corner
  Data Path Delay:        8.253ns  (logic 4.367ns (52.906%)  route 3.887ns (47.094%))
  Logic Levels:           5  (FDRE=1 LUT6=3 OBUF=1)

    Location             Delay type                Incr(ns)  Path(ns)    Netlist Resource(s)
  -------------------------------------------------------------------    -------------------
    SLICE_X41Y84         FDRE                         0.000     0.000 r  myVga/v_ctr_reg[0]/C
    SLICE_X41Y84         FDRE (Prop_fdre_C_Q)         0.456     0.456 f  myVga/v_ctr_reg[0]/Q
                         net (fo=5, routed)           0.978     1.434    myVga/v_ctr_reg_n_0_[0]
    SLICE_X41Y85         LUT6 (Prop_lut6_I3_O)        0.124     1.558 r  myVga/JB1_P_OBUF_inst_i_4/O
                         net (fo=1, routed)           0.406     1.964    myVga/JB1_P_OBUF_inst_i_4_n_0
    SLICE_X41Y86         LUT6 (Prop_lut6_I4_O)        0.124     2.088 r  myVga/JB1_P_OBUF_inst_i_2/O
                         net (fo=12, routed)          0.499     2.588    myVga/JB1_P_OBUF_inst_i_2_n_0
    SLICE_X42Y87         LUT6 (Prop_lut6_I2_O)        0.124     2.712 r  myVga/JB4_N_OBUF_inst_i_1/O
                         net (fo=1, routed)           2.003     4.715    JB4_N_OBUF
    A20                  OBUF (Prop_obuf_I_O)         3.539     8.253 r  JB4_N_OBUF_inst/O
                         net (fo=0)                   0.000     8.253    JB4_N
    A20                                                               r  JB4_N (OUT)
  -------------------------------------------------------------------    -------------------

Slack:                    inf
  Source:                 myVga/v_ctr_reg[0]/C
                            (rising edge-triggered cell FDRE)
  Destination:            JA1_N
                            (output port)
  Path Group:             (none)
  Path Type:              Max at Slow Process Corner
  Data Path Delay:        8.040ns  (logic 4.339ns (53.968%)  route 3.701ns (46.032%))
  Logic Levels:           5  (FDRE=1 LUT5=1 LUT6=2 OBUF=1)

    Location             Delay type                Incr(ns)  Path(ns)    Netlist Resource(s)
  -------------------------------------------------------------------    -------------------
    SLICE_X41Y84         FDRE                         0.000     0.000 r  myVga/v_ctr_reg[0]/C
    SLICE_X41Y84         FDRE (Prop_fdre_C_Q)         0.456     0.456 f  myVga/v_ctr_reg[0]/Q
                         net (fo=5, routed)           0.978     1.434    myVga/v_ctr_reg_n_0_[0]
    SLICE_X41Y85         LUT6 (Prop_lut6_I3_O)        0.124     1.558 r  myVga/JB1_P_OBUF_inst_i_4/O
                         net (fo=1, routed)           0.406     1.964    myVga/JB1_P_OBUF_inst_i_4_n_0
    SLICE_X41Y86         LUT6 (Prop_lut6_I4_O)        0.124     2.088 r  myVga/JB1_P_OBUF_inst_i_2/O
                         net (fo=12, routed)          0.626     2.714    myVga/JB1_P_OBUF_inst_i_2_n_0
    SLICE_X41Y87         LUT5 (Prop_lut5_I1_O)        0.124     2.838 r  myVga/JA1_N_OBUF_inst_i_1/O
                         net (fo=1, routed)           1.691     4.529    JA1_N_OBUF
    F17                  OBUF (Prop_obuf_I_O)         3.511     8.040 r  JA1_N_OBUF_inst/O
                         net (fo=0)                   0.000     8.040    JA1_N
    F17                                                               r  JA1_N (OUT)
  -------------------------------------------------------------------    -------------------





Min Delay Paths
--------------------------------------------------------------------------------------
Slack:                    inf
  Source:                 myVga/v_ctr_reg[10]/C
                            (rising edge-triggered cell FDRE)
  Destination:            myVga/v_sync_reg/D
  Path Group:             (none)
  Path Type:              Min at Fast Process Corner
  Data Path Delay:        0.335ns  (logic 0.186ns (55.512%)  route 0.149ns (44.488%))
  Logic Levels:           2  (FDRE=1 LUT2=1)

    Location             Delay type                Incr(ns)  Path(ns)    Netlist Resource(s)
  -------------------------------------------------------------------    -------------------
    SLICE_X40Y86         FDRE                         0.000     0.000 r  myVga/v_ctr_reg[10]/C
    SLICE_X40Y86         FDRE (Prop_fdre_C_Q)         0.141     0.141 r  myVga/v_ctr_reg[10]/Q
                         net (fo=8, routed)           0.149     0.290    myVga/y_pos[10]
    SLICE_X41Y86         LUT2 (Prop_lut2_I0_O)        0.045     0.335 r  myVga/v_sync_i_2/O
                         net (fo=1, routed)           0.000     0.335    myVga/v_sync
    SLICE_X41Y86         FDRE                                         r  myVga/v_sync_reg/D
  -------------------------------------------------------------------    -------------------

Slack:                    inf
  Source:                 myVga/v_ctr_reg[5]/C
                            (rising edge-triggered cell FDRE)
  Destination:            myVga/v_ctr_reg[0]/D
  Path Group:             (none)
  Path Type:              Min at Fast Process Corner
  Data Path Delay:        0.359ns  (logic 0.186ns (51.863%)  route 0.173ns (48.137%))
  Logic Levels:           2  (FDRE=1 LUT6=1)

    Location             Delay type                Incr(ns)  Path(ns)    Netlist Resource(s)
  -------------------------------------------------------------------    -------------------
    SLICE_X40Y85         FDRE                         0.000     0.000 r  myVga/v_ctr_reg[5]/C
    SLICE_X40Y85         FDRE (Prop_fdre_C_Q)         0.141     0.141 f  myVga/v_ctr_reg[5]/Q
                         net (fo=6, routed)           0.173     0.314    myVga/v_ctr_reg_n_0_[5]
    SLICE_X41Y84         LUT6 (Prop_lut6_I3_O)        0.045     0.359 r  myVga/v_ctr[0]_i_1/O
                         net (fo=1, routed)           0.000     0.359    myVga/v_ctr[0]_i_1_n_0
    SLICE_X41Y84         FDRE                                         r  myVga/v_ctr_reg[0]/D
  -------------------------------------------------------------------    -------------------

Slack:                    inf
  Source:                 myVga/v_ctr_reg[7]/C
                            (rising edge-triggered cell FDRE)
  Destination:            myVga/v_ctr_reg[7]/D
  Path Group:             (none)
  Path Type:              Min at Fast Process Corner
  Data Path Delay:        0.408ns  (logic 0.252ns (61.738%)  route 0.156ns (38.262%))
  Logic Levels:           2  (CARRY4=1 FDRE=1)

    Location             Delay type                Incr(ns)  Path(ns)    Netlist Resource(s)
  -------------------------------------------------------------------    -------------------
    SLICE_X40Y85         FDRE                         0.000     0.000 r  myVga/v_ctr_reg[7]/C
    SLICE_X40Y85         FDRE (Prop_fdre_C_Q)         0.141     0.141 r  myVga/v_ctr_reg[7]/Q
                         net (fo=6, routed)           0.156     0.297    myVga/y_pos[7]
    SLICE_X40Y85         CARRY4 (Prop_carry4_S[2]_O[2])
                                                      0.111     0.408 r  myVga/v_ctr0_carry__0/O[2]
                         net (fo=1, routed)           0.000     0.408    myVga/v_ctr0_carry__0_n_5
    SLICE_X40Y85         FDRE                                         r  myVga/v_ctr_reg[7]/D
  -------------------------------------------------------------------    -------------------

Slack:                    inf
  Source:                 myVga/v_ctr_reg[3]/C
                            (rising edge-triggered cell FDRE)
  Destination:            myVga/v_ctr_reg[3]/D
  Path Group:             (none)
  Path Type:              Min at Fast Process Corner
  Data Path Delay:        0.420ns  (logic 0.252ns (59.955%)  route 0.168ns (40.045%))
  Logic Levels:           2  (CARRY4=1 FDRE=1)

    Location             Delay type                Incr(ns)  Path(ns)    Netlist Resource(s)
  -------------------------------------------------------------------    -------------------
    SLICE_X40Y84         FDRE                         0.000     0.000 r  myVga/v_ctr_reg[3]/C
    SLICE_X40Y84         FDRE (Prop_fdre_C_Q)         0.141     0.141 r  myVga/v_ctr_reg[3]/Q
                         net (fo=5, routed)           0.168     0.309    myVga/v_ctr_reg_n_0_[3]
    SLICE_X40Y84         CARRY4 (Prop_carry4_S[2]_O[2])
                                                      0.111     0.420 r  myVga/v_ctr0_carry/O[2]
                         net (fo=1, routed)           0.000     0.420    myVga/v_ctr0_carry_n_5
    SLICE_X40Y84         FDRE                                         r  myVga/v_ctr_reg[3]/D
  -------------------------------------------------------------------    -------------------

Slack:                    inf
  Source:                 myVga/v_ctr_reg[11]/C
                            (rising edge-triggered cell FDRE)
  Destination:            myVga/v_ctr_reg[11]/D
  Path Group:             (none)
  Path Type:              Min at Fast Process Corner
  Data Path Delay:        0.432ns  (logic 0.252ns (58.302%)  route 0.180ns (41.698%))
  Logic Levels:           2  (CARRY4=1 FDRE=1)

    Location             Delay type                Incr(ns)  Path(ns)    Netlist Resource(s)
  -------------------------------------------------------------------    -------------------
    SLICE_X40Y86         FDRE                         0.000     0.000 r  myVga/v_ctr_reg[11]/C
    SLICE_X40Y86         FDRE (Prop_fdre_C_Q)         0.141     0.141 r  myVga/v_ctr_reg[11]/Q
                         net (fo=15, routed)          0.180     0.321    myVga/v_ctr_reg_n_0_[11]
    SLICE_X40Y86         CARRY4 (Prop_carry4_S[2]_O[2])
                                                      0.111     0.432 r  myVga/v_ctr0_carry__1/O[2]
                         net (fo=1, routed)           0.000     0.432    myVga/v_ctr0_carry__1_n_5
    SLICE_X40Y86         FDRE                                         r  myVga/v_ctr_reg[11]/D
  -------------------------------------------------------------------    -------------------

Slack:                    inf
  Source:                 myVga/v_ctr_reg[7]/C
                            (rising edge-triggered cell FDRE)
  Destination:            myVga/v_ctr_reg[8]/D
  Path Group:             (none)
  Path Type:              Min at Fast Process Corner
  Data Path Delay:        0.441ns  (logic 0.285ns (64.600%)  route 0.156ns (35.400%))
  Logic Levels:           2  (CARRY4=1 FDRE=1)

    Location             Delay type                Incr(ns)  Path(ns)    Netlist Resource(s)
  -------------------------------------------------------------------    -------------------
    SLICE_X40Y85         FDRE                         0.000     0.000 r  myVga/v_ctr_reg[7]/C
    SLICE_X40Y85         FDRE (Prop_fdre_C_Q)         0.141     0.141 r  myVga/v_ctr_reg[7]/Q
                         net (fo=6, routed)           0.156     0.297    myVga/y_pos[7]
    SLICE_X40Y85         CARRY4 (Prop_carry4_S[2]_O[3])
                                                      0.144     0.441 r  myVga/v_ctr0_carry__0/O[3]
                         net (fo=1, routed)           0.000     0.441    myVga/v_ctr0_carry__0_n_4
    SLICE_X40Y85         FDRE                                         r  myVga/v_ctr_reg[8]/D
  -------------------------------------------------------------------    -------------------

Slack:                    inf
  Source:                 myVga/v_ctr_reg[0]/C
                            (rising edge-triggered cell FDRE)
  Destination:            myVga/v_ctr_reg[1]/D
  Path Group:             (none)
  Path Type:              Min at Fast Process Corner
  Data Path Delay:        0.445ns  (logic 0.288ns (64.756%)  route 0.157ns (35.244%))
  Logic Levels:           2  (CARRY4=1 FDRE=1)

    Location             Delay type                Incr(ns)  Path(ns)    Netlist Resource(s)
  -------------------------------------------------------------------    -------------------
    SLICE_X41Y84         FDRE                         0.000     0.000 r  myVga/v_ctr_reg[0]/C
    SLICE_X41Y84         FDRE (Prop_fdre_C_Q)         0.141     0.141 r  myVga/v_ctr_reg[0]/Q
                         net (fo=5, routed)           0.157     0.298    myVga/v_ctr_reg_n_0_[0]
    SLICE_X40Y84         CARRY4 (Prop_carry4_CYINIT_O[0])
                                                      0.147     0.445 r  myVga/v_ctr0_carry/O[0]
                         net (fo=1, routed)           0.000     0.445    myVga/v_ctr0_carry_n_7
    SLICE_X40Y84         FDRE                                         r  myVga/v_ctr_reg[1]/D
  -------------------------------------------------------------------    -------------------

Slack:                    inf
  Source:                 myVga/v_ctr_reg[3]/C
                            (rising edge-triggered cell FDRE)
  Destination:            myVga/v_ctr_reg[4]/D
  Path Group:             (none)
  Path Type:              Min at Fast Process Corner
  Data Path Delay:        0.453ns  (logic 0.285ns (62.871%)  route 0.168ns (37.129%))
  Logic Levels:           2  (CARRY4=1 FDRE=1)

    Location             Delay type                Incr(ns)  Path(ns)    Netlist Resource(s)
  -------------------------------------------------------------------    -------------------
    SLICE_X40Y84         FDRE                         0.000     0.000 r  myVga/v_ctr_reg[3]/C
    SLICE_X40Y84         FDRE (Prop_fdre_C_Q)         0.141     0.141 r  myVga/v_ctr_reg[3]/Q
                         net (fo=5, routed)           0.168     0.309    myVga/v_ctr_reg_n_0_[3]
    SLICE_X40Y84         CARRY4 (Prop_carry4_S[2]_O[3])
                                                      0.144     0.453 r  myVga/v_ctr0_carry/O[3]
                         net (fo=1, routed)           0.000     0.453    myVga/v_ctr0_carry_n_4
    SLICE_X40Y84         FDRE                                         r  myVga/v_ctr_reg[4]/D
  -------------------------------------------------------------------    -------------------

Slack:                    inf
  Source:                 myVga/v_ctr_reg[2]/C
                            (rising edge-triggered cell FDRE)
  Destination:            myVga/v_ctr_reg[2]/D
  Path Group:             (none)
  Path Type:              Min at Fast Process Corner
  Data Path Delay:        0.459ns  (logic 0.251ns (54.635%)  route 0.208ns (45.365%))
  Logic Levels:           2  (CARRY4=1 FDRE=1)

    Location             Delay type                Incr(ns)  Path(ns)    Netlist Resource(s)
  -------------------------------------------------------------------    -------------------
    SLICE_X40Y84         FDRE                         0.000     0.000 r  myVga/v_ctr_reg[2]/C
    SLICE_X40Y84         FDRE (Prop_fdre_C_Q)         0.141     0.141 r  myVga/v_ctr_reg[2]/Q
                         net (fo=5, routed)           0.208     0.349    myVga/v_ctr_reg_n_0_[2]
    SLICE_X40Y84         CARRY4 (Prop_carry4_S[1]_O[1])
                                                      0.110     0.459 r  myVga/v_ctr0_carry/O[1]
                         net (fo=1, routed)           0.000     0.459    myVga/v_ctr0_carry_n_6
    SLICE_X40Y84         FDRE                                         r  myVga/v_ctr_reg[2]/D
  -------------------------------------------------------------------    -------------------

Slack:                    inf
  Source:                 myVga/v_ctr_reg[9]/C
                            (rising edge-triggered cell FDRE)
  Destination:            myVga/v_ctr_reg[9]/D
  Path Group:             (none)
  Path Type:              Min at Fast Process Corner
  Data Path Delay:        0.470ns  (logic 0.256ns (54.416%)  route 0.214ns (45.584%))
  Logic Levels:           2  (CARRY4=1 FDRE=1)

    Location             Delay type                Incr(ns)  Path(ns)    Netlist Resource(s)
  -------------------------------------------------------------------    -------------------
    SLICE_X40Y86         FDRE                         0.000     0.000 r  myVga/v_ctr_reg[9]/C
    SLICE_X40Y86         FDRE (Prop_fdre_C_Q)         0.141     0.141 r  myVga/v_ctr_reg[9]/Q
                         net (fo=6, routed)           0.214     0.355    myVga/y_pos[9]
    SLICE_X40Y86         CARRY4 (Prop_carry4_S[0]_O[0])
                                                      0.115     0.470 r  myVga/v_ctr0_carry__1/O[0]
                         net (fo=1, routed)           0.000     0.470    myVga/v_ctr0_carry__1_n_7
    SLICE_X40Y86         FDRE                                         r  myVga/v_ctr_reg[9]/D
  -------------------------------------------------------------------    -------------------





--------------------------------------------------------------------------------------
Path Group:  (none)
From Clock:  clk_148_5_clk_wiz_0
  To Clock:  

Max Delay            13 Endpoints
Min Delay            13 Endpoints
--------------------------------------------------------------------------------------


Max Delay Paths
--------------------------------------------------------------------------------------
Slack:                    inf
  Source:                 myVga/h_ctr_reg[6]/C
                            (rising edge-triggered cell FDRE clocked by clk_148_5_clk_wiz_0  {rise@0.000ns fall@3.367ns period=6.734ns})
  Destination:            JA2_P
                            (output port)
  Path Group:             (none)
  Path Type:              Max at Slow Process Corner
  Data Path Delay:        9.164ns  (logic 4.351ns (47.477%)  route 4.813ns (52.523%))
  Logic Levels:           4  (LUT5=1 LUT6=2 OBUF=1)
  Clock Uncertainty:      0.357ns  ((TSJ^2 + DJ^2)^1/2) / 2 + PE
    Total System Jitter     (TSJ):    0.050ns
    Discrete Jitter          (DJ):    0.218ns
    Phase Error              (PE):    0.245ns

    Location             Delay type                Incr(ns)  Path(ns)    Netlist Resource(s)
  -------------------------------------------------------------------    -------------------
                         (clock clk_148_5_clk_wiz_0 rise edge)
                                                      0.000     0.000 r  
    H16                                               0.000     0.000 r  clk (IN)
                         net (fo=0)                   0.000     0.000    myClks/inst/clk_in1
    H16                  IBUF (Prop_ibuf_I_O)         1.457     1.457 r  myClks/inst/clkin1_ibufg/O
                         net (fo=1, routed)           1.285     2.742    myClks/inst/clk_in1_clk_wiz_0
    MMCME2_ADV_X0Y1      MMCME2_ADV (Prop_mmcme2_adv_CLKIN1_CLKOUT0)
                                                     -6.996    -4.254 r  myClks/inst/mmcm_adv_inst/CLKOUT0
                         net (fo=1, routed)           1.760    -2.494    myClks/inst/clk_148_5_clk_wiz_0
    BUFGCTRL_X0Y16       BUFG (Prop_bufg_I_O)         0.101    -2.393 r  myClks/inst/clkout1_buf/O
                         net (fo=14, routed)          1.733    -0.660    myVga/clk_148_5
    SLICE_X36Y86         FDRE                                         r  myVga/h_ctr_reg[6]/C
  -------------------------------------------------------------------    -------------------
    SLICE_X36Y86         FDRE (Prop_fdre_C_Q)         0.456    -0.204 f  myVga/h_ctr_reg[6]/Q
                         net (fo=5, routed)           0.821     0.617    myVga/h_ctr_reg_n_0_[6]
    SLICE_X37Y85         LUT6 (Prop_lut6_I3_O)        0.124     0.741 f  myVga/JB1_P_OBUF_inst_i_5/O
                         net (fo=1, routed)           0.633     1.374    myVga/JB1_P_OBUF_inst_i_5_n_0
    SLICE_X37Y86         LUT6 (Prop_lut6_I1_O)        0.124     1.498 r  myVga/JB1_P_OBUF_inst_i_3/O
                         net (fo=12, routed)          0.849     2.347    myVga/JB1_P_OBUF_inst_i_3_n_0
    SLICE_X41Y86         LUT5 (Prop_lut5_I3_O)        0.124     2.471 r  myVga/JA2_P_OBUF_inst_i_1/O
                         net (fo=1, routed)           2.511     4.982    JA2_P_OBUF
    G19                  OBUF (Prop_obuf_I_O)         3.523     8.505 r  JA2_P_OBUF_inst/O
                         net (fo=0)                   0.000     8.505    JA2_P
    G19                                                               r  JA2_P (OUT)
  -------------------------------------------------------------------    -------------------

Slack:                    inf
  Source:                 myVga/h_ctr_reg[6]/C
                            (rising edge-triggered cell FDRE clocked by clk_148_5_clk_wiz_0  {rise@0.000ns fall@3.367ns period=6.734ns})
  Destination:            JB2_N
                            (output port)
  Path Group:             (none)
  Path Type:              Max at Slow Process Corner
  Data Path Delay:        9.125ns  (logic 4.580ns (50.187%)  route 4.546ns (49.813%))
  Logic Levels:           4  (LUT5=1 LUT6=2 OBUF=1)
  Clock Uncertainty:      0.357ns  ((TSJ^2 + DJ^2)^1/2) / 2 + PE
    Total System Jitter     (TSJ):    0.050ns
    Discrete Jitter          (DJ):    0.218ns
    Phase Error              (PE):    0.245ns

    Location             Delay type                Incr(ns)  Path(ns)    Netlist Resource(s)
  -------------------------------------------------------------------    -------------------
                         (clock clk_148_5_clk_wiz_0 rise edge)
                                                      0.000     0.000 r  
    H16                                               0.000     0.000 r  clk (IN)
                         net (fo=0)                   0.000     0.000    myClks/inst/clk_in1
    H16                  IBUF (Prop_ibuf_I_O)         1.457     1.457 r  myClks/inst/clkin1_ibufg/O
                         net (fo=1, routed)           1.285     2.742    myClks/inst/clk_in1_clk_wiz_0
    MMCME2_ADV_X0Y1      MMCME2_ADV (Prop_mmcme2_adv_CLKIN1_CLKOUT0)
                                                     -6.996    -4.254 r  myClks/inst/mmcm_adv_inst/CLKOUT0
                         net (fo=1, routed)           1.760    -2.494    myClks/inst/clk_148_5_clk_wiz_0
    BUFGCTRL_X0Y16       BUFG (Prop_bufg_I_O)         0.101    -2.393 r  myClks/inst/clkout1_buf/O
                         net (fo=14, routed)          1.733    -0.660    myVga/clk_148_5
    SLICE_X36Y86         FDRE                                         r  myVga/h_ctr_reg[6]/C
  -------------------------------------------------------------------    -------------------
    SLICE_X36Y86         FDRE (Prop_fdre_C_Q)         0.456    -0.204 f  myVga/h_ctr_reg[6]/Q
                         net (fo=5, routed)           0.821     0.617    myVga/h_ctr_reg_n_0_[6]
    SLICE_X37Y85         LUT6 (Prop_lut6_I3_O)        0.124     0.741 f  myVga/JB1_P_OBUF_inst_i_5/O
                         net (fo=1, routed)           0.633     1.374    myVga/JB1_P_OBUF_inst_i_5_n_0
    SLICE_X37Y86         LUT6 (Prop_lut6_I1_O)        0.124     1.498 r  myVga/JB1_P_OBUF_inst_i_3/O
                         net (fo=12, routed)          0.782     2.280    myVga/JB1_P_OBUF_inst_i_3_n_0
    SLICE_X42Y86         LUT5 (Prop_lut5_I3_O)        0.150     2.430 r  myVga/JB2_N_OBUF_inst_i_1/O
                         net (fo=1, routed)           2.310     4.740    JB2_N_OBUF
    F20                  OBUF (Prop_obuf_I_O)         3.726     8.466 r  JB2_N_OBUF_inst/O
                         net (fo=0)                   0.000     8.466    JB2_N
    F20                                                               r  JB2_N (OUT)
  -------------------------------------------------------------------    -------------------

Slack:                    inf
  Source:                 myVga/h_ctr_reg[6]/C
                            (rising edge-triggered cell FDRE clocked by clk_148_5_clk_wiz_0  {rise@0.000ns fall@3.367ns period=6.734ns})
  Destination:            JB2_P
                            (output port)
  Path Group:             (none)
  Path Type:              Max at Slow Process Corner
  Data Path Delay:        9.091ns  (logic 4.350ns (47.853%)  route 4.740ns (52.147%))
  Logic Levels:           4  (LUT5=1 LUT6=2 OBUF=1)
  Clock Uncertainty:      0.357ns  ((TSJ^2 + DJ^2)^1/2) / 2 + PE
    Total System Jitter     (TSJ):    0.050ns
    Discrete Jitter          (DJ):    0.218ns
    Phase Error              (PE):    0.245ns

    Location             Delay type                Incr(ns)  Path(ns)    Netlist Resource(s)
  -------------------------------------------------------------------    -------------------
                         (clock clk_148_5_clk_wiz_0 rise edge)
                                                      0.000     0.000 r  
    H16                                               0.000     0.000 r  clk (IN)
                         net (fo=0)                   0.000     0.000    myClks/inst/clk_in1
    H16                  IBUF (Prop_ibuf_I_O)         1.457     1.457 r  myClks/inst/clkin1_ibufg/O
                         net (fo=1, routed)           1.285     2.742    myClks/inst/clk_in1_clk_wiz_0
    MMCME2_ADV_X0Y1      MMCME2_ADV (Prop_mmcme2_adv_CLKIN1_CLKOUT0)
                                                     -6.996    -4.254 r  myClks/inst/mmcm_adv_inst/CLKOUT0
                         net (fo=1, routed)           1.760    -2.494    myClks/inst/clk_148_5_clk_wiz_0
    BUFGCTRL_X0Y16       BUFG (Prop_bufg_I_O)         0.101    -2.393 r  myClks/inst/clkout1_buf/O
                         net (fo=14, routed)          1.733    -0.660    myVga/clk_148_5
    SLICE_X36Y86         FDRE                                         r  myVga/h_ctr_reg[6]/C
  -------------------------------------------------------------------    -------------------
    SLICE_X36Y86         FDRE (Prop_fdre_C_Q)         0.456    -0.204 f  myVga/h_ctr_reg[6]/Q
                         net (fo=5, routed)           0.821     0.617    myVga/h_ctr_reg_n_0_[6]
    SLICE_X37Y85         LUT6 (Prop_lut6_I3_O)        0.124     0.741 f  myVga/JB1_P_OBUF_inst_i_5/O
                         net (fo=1, routed)           0.633     1.374    myVga/JB1_P_OBUF_inst_i_5_n_0
    SLICE_X37Y86         LUT6 (Prop_lut6_I1_O)        0.124     1.498 r  myVga/JB1_P_OBUF_inst_i_3/O
                         net (fo=12, routed)          1.134     2.632    myVga/JB1_P_OBUF_inst_i_3_n_0
    SLICE_X42Y86         LUT5 (Prop_lut5_I3_O)        0.124     2.756 r  myVga/JB2_P_OBUF_inst_i_1/O
                         net (fo=1, routed)           2.153     4.909    JB2_P_OBUF
    F19                  OBUF (Prop_obuf_I_O)         3.522     8.431 r  JB2_P_OBUF_inst/O
                         net (fo=0)                   0.000     8.431    JB2_P
    F19                                                               r  JB2_P (OUT)
  -------------------------------------------------------------------    -------------------

Slack:                    inf
  Source:                 myVga/h_ctr_reg[6]/C
                            (rising edge-triggered cell FDRE clocked by clk_148_5_clk_wiz_0  {rise@0.000ns fall@3.367ns period=6.734ns})
  Destination:            JB1_P
                            (output port)
  Path Group:             (none)
  Path Type:              Max at Slow Process Corner
  Data Path Delay:        8.820ns  (logic 4.360ns (49.434%)  route 4.460ns (50.566%))
  Logic Levels:           4  (LUT5=1 LUT6=2 OBUF=1)
  Clock Uncertainty:      0.357ns  ((TSJ^2 + DJ^2)^1/2) / 2 + PE
    Total System Jitter     (TSJ):    0.050ns
    Discrete Jitter          (DJ):    0.218ns
    Phase Error              (PE):    0.245ns

    Location             Delay type                Incr(ns)  Path(ns)    Netlist Resource(s)
  -------------------------------------------------------------------    -------------------
                         (clock clk_148_5_clk_wiz_0 rise edge)
                                                      0.000     0.000 r  
    H16                                               0.000     0.000 r  clk (IN)
                         net (fo=0)                   0.000     0.000    myClks/inst/clk_in1
    H16                  IBUF (Prop_ibuf_I_O)         1.457     1.457 r  myClks/inst/clkin1_ibufg/O
                         net (fo=1, routed)           1.285     2.742    myClks/inst/clk_in1_clk_wiz_0
    MMCME2_ADV_X0Y1      MMCME2_ADV (Prop_mmcme2_adv_CLKIN1_CLKOUT0)
                                                     -6.996    -4.254 r  myClks/inst/mmcm_adv_inst/CLKOUT0
                         net (fo=1, routed)           1.760    -2.494    myClks/inst/clk_148_5_clk_wiz_0
    BUFGCTRL_X0Y16       BUFG (Prop_bufg_I_O)         0.101    -2.393 r  myClks/inst/clkout1_buf/O
                         net (fo=14, routed)          1.733    -0.660    myVga/clk_148_5
    SLICE_X36Y86         FDRE                                         r  myVga/h_ctr_reg[6]/C
  -------------------------------------------------------------------    -------------------
    SLICE_X36Y86         FDRE (Prop_fdre_C_Q)         0.456    -0.204 f  myVga/h_ctr_reg[6]/Q
                         net (fo=5, routed)           0.821     0.617    myVga/h_ctr_reg_n_0_[6]
    SLICE_X37Y85         LUT6 (Prop_lut6_I3_O)        0.124     0.741 f  myVga/JB1_P_OBUF_inst_i_5/O
                         net (fo=1, routed)           0.633     1.374    myVga/JB1_P_OBUF_inst_i_5_n_0
    SLICE_X37Y86         LUT6 (Prop_lut6_I1_O)        0.124     1.498 r  myVga/JB1_P_OBUF_inst_i_3/O
                         net (fo=12, routed)          1.293     2.792    myVga/JB1_P_OBUF_inst_i_3_n_0
    SLICE_X42Y89         LUT5 (Prop_lut5_I3_O)        0.124     2.916 r  myVga/JB1_P_OBUF_inst_i_1/O
                         net (fo=1, routed)           1.712     4.628    JB1_P_OBUF
    D19                  OBUF (Prop_obuf_I_O)         3.532     8.160 r  JB1_P_OBUF_inst/O
                         net (fo=0)                   0.000     8.160    JB1_P
    D19                                                               r  JB1_P (OUT)
  -------------------------------------------------------------------    -------------------

Slack:                    inf
  Source:                 myVga/h_ctr_reg[6]/C
                            (rising edge-triggered cell FDRE clocked by clk_148_5_clk_wiz_0  {rise@0.000ns fall@3.367ns period=6.734ns})
  Destination:            JB3_P
                            (output port)
  Path Group:             (none)
  Path Type:              Max at Slow Process Corner
  Data Path Delay:        8.815ns  (logic 4.358ns (49.439%)  route 4.457ns (50.561%))
  Logic Levels:           4  (LUT6=3 OBUF=1)
  Clock Uncertainty:      0.357ns  ((TSJ^2 + DJ^2)^1/2) / 2 + PE
    Total System Jitter     (TSJ):    0.050ns
    Discrete Jitter          (DJ):    0.218ns
    Phase Error              (PE):    0.245ns

    Location             Delay type                Incr(ns)  Path(ns)    Netlist Resource(s)
  -------------------------------------------------------------------    -------------------
                         (clock clk_148_5_clk_wiz_0 rise edge)
                                                      0.000     0.000 r  
    H16                                               0.000     0.000 r  clk (IN)
                         net (fo=0)                   0.000     0.000    myClks/inst/clk_in1
    H16                  IBUF (Prop_ibuf_I_O)         1.457     1.457 r  myClks/inst/clkin1_ibufg/O
                         net (fo=1, routed)           1.285     2.742    myClks/inst/clk_in1_clk_wiz_0
    MMCME2_ADV_X0Y1      MMCME2_ADV (Prop_mmcme2_adv_CLKIN1_CLKOUT0)
                                                     -6.996    -4.254 r  myClks/inst/mmcm_adv_inst/CLKOUT0
                         net (fo=1, routed)           1.760    -2.494    myClks/inst/clk_148_5_clk_wiz_0
    BUFGCTRL_X0Y16       BUFG (Prop_bufg_I_O)         0.101    -2.393 r  myClks/inst/clkout1_buf/O
                         net (fo=14, routed)          1.733    -0.660    myVga/clk_148_5
    SLICE_X36Y86         FDRE                                         r  myVga/h_ctr_reg[6]/C
  -------------------------------------------------------------------    -------------------
    SLICE_X36Y86         FDRE (Prop_fdre_C_Q)         0.456    -0.204 f  myVga/h_ctr_reg[6]/Q
                         net (fo=5, routed)           0.821     0.617    myVga/h_ctr_reg_n_0_[6]
    SLICE_X37Y85         LUT6 (Prop_lut6_I3_O)        0.124     0.741 f  myVga/JB1_P_OBUF_inst_i_5/O
                         net (fo=1, routed)           0.633     1.374    myVga/JB1_P_OBUF_inst_i_5_n_0
    SLICE_X37Y86         LUT6 (Prop_lut6_I1_O)        0.124     1.498 r  myVga/JB1_P_OBUF_inst_i_3/O
                         net (fo=12, routed)          1.092     2.591    myVga/JB1_P_OBUF_inst_i_3_n_0
    SLICE_X42Y89         LUT6 (Prop_lut6_I4_O)        0.124     2.715 r  myVga/JB3_P_OBUF_inst_i_1/O
                         net (fo=1, routed)           1.911     4.625    JB3_P_OBUF
    C20                  OBUF (Prop_obuf_I_O)         3.530     8.155 r  JB3_P_OBUF_inst/O
                         net (fo=0)                   0.000     8.155    JB3_P
    C20                                                               r  JB3_P (OUT)
  -------------------------------------------------------------------    -------------------

Slack:                    inf
  Source:                 myVga/h_ctr_reg[6]/C
                            (rising edge-triggered cell FDRE clocked by clk_148_5_clk_wiz_0  {rise@0.000ns fall@3.367ns period=6.734ns})
  Destination:            JB4_N
                            (output port)
  Path Group:             (none)
  Path Type:              Max at Slow Process Corner
  Data Path Delay:        8.765ns  (logic 4.367ns (49.815%)  route 4.399ns (50.185%))
  Logic Levels:           4  (LUT6=3 OBUF=1)
  Clock Uncertainty:      0.357ns  ((TSJ^2 + DJ^2)^1/2) / 2 + PE
    Total System Jitter     (TSJ):    0.050ns
    Discrete Jitter          (DJ):    0.218ns
    Phase Error              (PE):    0.245ns

    Location             Delay type                Incr(ns)  Path(ns)    Netlist Resource(s)
  -------------------------------------------------------------------    -------------------
                         (clock clk_148_5_clk_wiz_0 rise edge)
                                                      0.000     0.000 r  
    H16                                               0.000     0.000 r  clk (IN)
                         net (fo=0)                   0.000     0.000    myClks/inst/clk_in1
    H16                  IBUF (Prop_ibuf_I_O)         1.457     1.457 r  myClks/inst/clkin1_ibufg/O
                         net (fo=1, routed)           1.285     2.742    myClks/inst/clk_in1_clk_wiz_0
    MMCME2_ADV_X0Y1      MMCME2_ADV (Prop_mmcme2_adv_CLKIN1_CLKOUT0)
                                                     -6.996    -4.254 r  myClks/inst/mmcm_adv_inst/CLKOUT0
                         net (fo=1, routed)           1.760    -2.494    myClks/inst/clk_148_5_clk_wiz_0
    BUFGCTRL_X0Y16       BUFG (Prop_bufg_I_O)         0.101    -2.393 r  myClks/inst/clkout1_buf/O
                         net (fo=14, routed)          1.733    -0.660    myVga/clk_148_5
    SLICE_X36Y86         FDRE                                         r  myVga/h_ctr_reg[6]/C
  -------------------------------------------------------------------    -------------------
    SLICE_X36Y86         FDRE (Prop_fdre_C_Q)         0.456    -0.204 f  myVga/h_ctr_reg[6]/Q
                         net (fo=5, routed)           0.821     0.617    myVga/h_ctr_reg_n_0_[6]
    SLICE_X37Y85         LUT6 (Prop_lut6_I3_O)        0.124     0.741 f  myVga/JB1_P_OBUF_inst_i_5/O
                         net (fo=1, routed)           0.633     1.374    myVga/JB1_P_OBUF_inst_i_5_n_0
    SLICE_X37Y86         LUT6 (Prop_lut6_I1_O)        0.124     1.498 r  myVga/JB1_P_OBUF_inst_i_3/O
                         net (fo=12, routed)          0.942     2.440    myVga/JB1_P_OBUF_inst_i_3_n_0
    SLICE_X42Y87         LUT6 (Prop_lut6_I4_O)        0.124     2.564 r  myVga/JB4_N_OBUF_inst_i_1/O
                         net (fo=1, routed)           2.003     4.567    JB4_N_OBUF
    A20                  OBUF (Prop_obuf_I_O)         3.539     8.106 r  JB4_N_OBUF_inst/O
                         net (fo=0)                   0.000     8.106    JB4_N
    A20                                                               r  JB4_N (OUT)
  -------------------------------------------------------------------    -------------------

Slack:                    inf
  Source:                 myVga/h_ctr_reg[6]/C
                            (rising edge-triggered cell FDRE clocked by clk_148_5_clk_wiz_0  {rise@0.000ns fall@3.367ns period=6.734ns})
  Destination:            JA2_N
                            (output port)
  Path Group:             (none)
  Path Type:              Max at Slow Process Corner
  Data Path Delay:        8.652ns  (logic 4.348ns (50.257%)  route 4.304ns (49.743%))
  Logic Levels:           4  (LUT5=1 LUT6=2 OBUF=1)
  Clock Uncertainty:      0.357ns  ((TSJ^2 + DJ^2)^1/2) / 2 + PE
    Total System Jitter     (TSJ):    0.050ns
    Discrete Jitter          (DJ):    0.218ns
    Phase Error              (PE):    0.245ns

    Location             Delay type                Incr(ns)  Path(ns)    Netlist Resource(s)
  -------------------------------------------------------------------    -------------------
                         (clock clk_148_5_clk_wiz_0 rise edge)
                                                      0.000     0.000 r  
    H16                                               0.000     0.000 r  clk (IN)
                         net (fo=0)                   0.000     0.000    myClks/inst/clk_in1
    H16                  IBUF (Prop_ibuf_I_O)         1.457     1.457 r  myClks/inst/clkin1_ibufg/O
                         net (fo=1, routed)           1.285     2.742    myClks/inst/clk_in1_clk_wiz_0
    MMCME2_ADV_X0Y1      MMCME2_ADV (Prop_mmcme2_adv_CLKIN1_CLKOUT0)
                                                     -6.996    -4.254 r  myClks/inst/mmcm_adv_inst/CLKOUT0
                         net (fo=1, routed)           1.760    -2.494    myClks/inst/clk_148_5_clk_wiz_0
    BUFGCTRL_X0Y16       BUFG (Prop_bufg_I_O)         0.101    -2.393 r  myClks/inst/clkout1_buf/O
                         net (fo=14, routed)          1.733    -0.660    myVga/clk_148_5
    SLICE_X36Y86         FDRE                                         r  myVga/h_ctr_reg[6]/C
  -------------------------------------------------------------------    -------------------
    SLICE_X36Y86         FDRE (Prop_fdre_C_Q)         0.456    -0.204 f  myVga/h_ctr_reg[6]/Q
                         net (fo=5, routed)           0.821     0.617    myVga/h_ctr_reg_n_0_[6]
    SLICE_X37Y85         LUT6 (Prop_lut6_I3_O)        0.124     0.741 f  myVga/JB1_P_OBUF_inst_i_5/O
                         net (fo=1, routed)           0.633     1.374    myVga/JB1_P_OBUF_inst_i_5_n_0
    SLICE_X37Y86         LUT6 (Prop_lut6_I1_O)        0.124     1.498 r  myVga/JB1_P_OBUF_inst_i_3/O
                         net (fo=12, routed)          0.492     1.990    myVga/JB1_P_OBUF_inst_i_3_n_0
    SLICE_X42Y86         LUT5 (Prop_lut5_I3_O)        0.124     2.114 r  myVga/JA2_N_OBUF_inst_i_1/O
                         net (fo=1, routed)           2.358     4.472    JA2_N_OBUF
    G20                  OBUF (Prop_obuf_I_O)         3.520     7.992 r  JA2_N_OBUF_inst/O
                         net (fo=0)                   0.000     7.992    JA2_N
    G20                                                               r  JA2_N (OUT)
  -------------------------------------------------------------------    -------------------

Slack:                    inf
  Source:                 myVga/h_ctr_reg[6]/C
                            (rising edge-triggered cell FDRE clocked by clk_148_5_clk_wiz_0  {rise@0.000ns fall@3.367ns period=6.734ns})
  Destination:            JB3_N
                            (output port)
  Path Group:             (none)
  Path Type:              Max at Slow Process Corner
  Data Path Delay:        8.576ns  (logic 4.360ns (50.839%)  route 4.216ns (49.161%))
  Logic Levels:           4  (LUT6=3 OBUF=1)
  Clock Uncertainty:      0.357ns  ((TSJ^2 + DJ^2)^1/2) / 2 + PE
    Total System Jitter     (TSJ):    0.050ns
    Discrete Jitter          (DJ):    0.218ns
    Phase Error              (PE):    0.245ns

    Location             Delay type                Incr(ns)  Path(ns)    Netlist Resource(s)
  -------------------------------------------------------------------    -------------------
                         (clock clk_148_5_clk_wiz_0 rise edge)
                                                      0.000     0.000 r  
    H16                                               0.000     0.000 r  clk (IN)
                         net (fo=0)                   0.000     0.000    myClks/inst/clk_in1
    H16                  IBUF (Prop_ibuf_I_O)         1.457     1.457 r  myClks/inst/clkin1_ibufg/O
                         net (fo=1, routed)           1.285     2.742    myClks/inst/clk_in1_clk_wiz_0
    MMCME2_ADV_X0Y1      MMCME2_ADV (Prop_mmcme2_adv_CLKIN1_CLKOUT0)
                                                     -6.996    -4.254 r  myClks/inst/mmcm_adv_inst/CLKOUT0
                         net (fo=1, routed)           1.760    -2.494    myClks/inst/clk_148_5_clk_wiz_0
    BUFGCTRL_X0Y16       BUFG (Prop_bufg_I_O)         0.101    -2.393 r  myClks/inst/clkout1_buf/O
                         net (fo=14, routed)          1.733    -0.660    myVga/clk_148_5
    SLICE_X36Y86         FDRE                                         r  myVga/h_ctr_reg[6]/C
  -------------------------------------------------------------------    -------------------
    SLICE_X36Y86         FDRE (Prop_fdre_C_Q)         0.456    -0.204 f  myVga/h_ctr_reg[6]/Q
                         net (fo=5, routed)           0.821     0.617    myVga/h_ctr_reg_n_0_[6]
    SLICE_X37Y85         LUT6 (Prop_lut6_I3_O)        0.124     0.741 f  myVga/JB1_P_OBUF_inst_i_5/O
                         net (fo=1, routed)           0.633     1.374    myVga/JB1_P_OBUF_inst_i_5_n_0
    SLICE_X37Y86         LUT6 (Prop_lut6_I1_O)        0.124     1.498 r  myVga/JB1_P_OBUF_inst_i_3/O
                         net (fo=12, routed)          0.840     2.338    myVga/JB1_P_OBUF_inst_i_3_n_0
    SLICE_X41Y87         LUT6 (Prop_lut6_I4_O)        0.124     2.462 r  myVga/JB3_N_OBUF_inst_i_1/O
                         net (fo=1, routed)           1.922     4.384    JB3_N_OBUF
    B20                  OBUF (Prop_obuf_I_O)         3.532     7.916 r  JB3_N_OBUF_inst/O
                         net (fo=0)                   0.000     7.916    JB3_N
    B20                                                               r  JB3_N (OUT)
  -------------------------------------------------------------------    -------------------

Slack:                    inf
  Source:                 myVga/h_ctr_reg[6]/C
                            (rising edge-triggered cell FDRE clocked by clk_148_5_clk_wiz_0  {rise@0.000ns fall@3.367ns period=6.734ns})
  Destination:            JB4_P
                            (output port)
  Path Group:             (none)
  Path Type:              Max at Slow Process Corner
  Data Path Delay:        8.569ns  (logic 4.363ns (50.913%)  route 4.206ns (49.087%))
  Logic Levels:           4  (LUT6=3 OBUF=1)
  Clock Uncertainty:      0.357ns  ((TSJ^2 + DJ^2)^1/2) / 2 + PE
    Total System Jitter     (TSJ):    0.050ns
    Discrete Jitter          (DJ):    0.218ns
    Phase Error              (PE):    0.245ns

    Location             Delay type                Incr(ns)  Path(ns)    Netlist Resource(s)
  -------------------------------------------------------------------    -------------------
                         (clock clk_148_5_clk_wiz_0 rise edge)
                                                      0.000     0.000 r  
    H16                                               0.000     0.000 r  clk (IN)
                         net (fo=0)                   0.000     0.000    myClks/inst/clk_in1
    H16                  IBUF (Prop_ibuf_I_O)         1.457     1.457 r  myClks/inst/clkin1_ibufg/O
                         net (fo=1, routed)           1.285     2.742    myClks/inst/clk_in1_clk_wiz_0
    MMCME2_ADV_X0Y1      MMCME2_ADV (Prop_mmcme2_adv_CLKIN1_CLKOUT0)
                                                     -6.996    -4.254 r  myClks/inst/mmcm_adv_inst/CLKOUT0
                         net (fo=1, routed)           1.760    -2.494    myClks/inst/clk_148_5_clk_wiz_0
    BUFGCTRL_X0Y16       BUFG (Prop_bufg_I_O)         0.101    -2.393 r  myClks/inst/clkout1_buf/O
                         net (fo=14, routed)          1.733    -0.660    myVga/clk_148_5
    SLICE_X36Y86         FDRE                                         r  myVga/h_ctr_reg[6]/C
  -------------------------------------------------------------------    -------------------
    SLICE_X36Y86         FDRE (Prop_fdre_C_Q)         0.456    -0.204 f  myVga/h_ctr_reg[6]/Q
                         net (fo=5, routed)           0.821     0.617    myVga/h_ctr_reg_n_0_[6]
    SLICE_X37Y85         LUT6 (Prop_lut6_I3_O)        0.124     0.741 f  myVga/JB1_P_OBUF_inst_i_5/O
                         net (fo=1, routed)           0.633     1.374    myVga/JB1_P_OBUF_inst_i_5_n_0
    SLICE_X37Y86         LUT6 (Prop_lut6_I1_O)        0.124     1.498 r  myVga/JB1_P_OBUF_inst_i_3/O
                         net (fo=12, routed)          0.844     2.342    myVga/JB1_P_OBUF_inst_i_3_n_0
    SLICE_X41Y86         LUT6 (Prop_lut6_I4_O)        0.124     2.466 r  myVga/JB4_P_OBUF_inst_i_1/O
                         net (fo=1, routed)           1.909     4.375    JB4_P_OBUF
    B19                  OBUF (Prop_obuf_I_O)         3.535     7.910 r  JB4_P_OBUF_inst/O
                         net (fo=0)                   0.000     7.910    JB4_P
    B19                                                               r  JB4_P (OUT)
  -------------------------------------------------------------------    -------------------

Slack:                    inf
  Source:                 myVga/h_ctr_reg[6]/C
                            (rising edge-triggered cell FDRE clocked by clk_148_5_clk_wiz_0  {rise@0.000ns fall@3.367ns period=6.734ns})
  Destination:            JB1_N
                            (output port)
  Path Group:             (none)
  Path Type:              Max at Slow Process Corner
  Data Path Delay:        8.532ns  (logic 4.358ns (51.079%)  route 4.174ns (48.921%))
  Logic Levels:           4  (LUT5=1 LUT6=2 OBUF=1)
  Clock Uncertainty:      0.357ns  ((TSJ^2 + DJ^2)^1/2) / 2 + PE
    Total System Jitter     (TSJ):    0.050ns
    Discrete Jitter          (DJ):    0.218ns
    Phase Error              (PE):    0.245ns

    Location             Delay type                Incr(ns)  Path(ns)    Netlist Resource(s)
  -------------------------------------------------------------------    -------------------
                         (clock clk_148_5_clk_wiz_0 rise edge)
                                                      0.000     0.000 r  
    H16                                               0.000     0.000 r  clk (IN)
                         net (fo=0)                   0.000     0.000    myClks/inst/clk_in1
    H16                  IBUF (Prop_ibuf_I_O)         1.457     1.457 r  myClks/inst/clkin1_ibufg/O
                         net (fo=1, routed)           1.285     2.742    myClks/inst/clk_in1_clk_wiz_0
    MMCME2_ADV_X0Y1      MMCME2_ADV (Prop_mmcme2_adv_CLKIN1_CLKOUT0)
                                                     -6.996    -4.254 r  myClks/inst/mmcm_adv_inst/CLKOUT0
                         net (fo=1, routed)           1.760    -2.494    myClks/inst/clk_148_5_clk_wiz_0
    BUFGCTRL_X0Y16       BUFG (Prop_bufg_I_O)         0.101    -2.393 r  myClks/inst/clkout1_buf/O
                         net (fo=14, routed)          1.733    -0.660    myVga/clk_148_5
    SLICE_X36Y86         FDRE                                         r  myVga/h_ctr_reg[6]/C
  -------------------------------------------------------------------    -------------------
    SLICE_X36Y86         FDRE (Prop_fdre_C_Q)         0.456    -0.204 f  myVga/h_ctr_reg[6]/Q
                         net (fo=5, routed)           0.821     0.617    myVga/h_ctr_reg_n_0_[6]
    SLICE_X37Y85         LUT6 (Prop_lut6_I3_O)        0.124     0.741 f  myVga/JB1_P_OBUF_inst_i_5/O
                         net (fo=1, routed)           0.633     1.374    myVga/JB1_P_OBUF_inst_i_5_n_0
    SLICE_X37Y86         LUT6 (Prop_lut6_I1_O)        0.124     1.498 r  myVga/JB1_P_OBUF_inst_i_3/O
                         net (fo=12, routed)          1.013     2.511    myVga/JB1_P_OBUF_inst_i_3_n_0
    SLICE_X41Y87         LUT5 (Prop_lut5_I3_O)        0.124     2.635 r  myVga/JB1_N_OBUF_inst_i_1/O
                         net (fo=1, routed)           1.707     4.342    JB1_N_OBUF
    D20                  OBUF (Prop_obuf_I_O)         3.530     7.872 r  JB1_N_OBUF_inst/O
                         net (fo=0)                   0.000     7.872    JB1_N
    D20                                                               r  JB1_N (OUT)
  -------------------------------------------------------------------    -------------------





Min Delay Paths
--------------------------------------------------------------------------------------
Slack:                    inf
  Source:                 myVga/h_sync_reg/C
                            (rising edge-triggered cell FDRE clocked by clk_148_5_clk_wiz_0  {rise@0.000ns fall@3.367ns period=6.734ns})
  Destination:            JA3_P
                            (output port)
  Path Group:             (none)
  Path Type:              Min at Fast Process Corner
  Data Path Delay:        1.795ns  (logic 1.381ns (76.964%)  route 0.413ns (23.036%))
  Logic Levels:           1  (OBUF=1)
  Clock Uncertainty:      0.357ns  ((TSJ^2 + DJ^2)^1/2) / 2 + PE
    Total System Jitter     (TSJ):    0.050ns
    Discrete Jitter          (DJ):    0.218ns
    Phase Error              (PE):    0.245ns

    Location             Delay type                Incr(ns)  Path(ns)    Netlist Resource(s)
  -------------------------------------------------------------------    -------------------
                         (clock clk_148_5_clk_wiz_0 rise edge)
                                                      0.000     0.000 r  
    H16                                               0.000     0.000 r  clk (IN)
                         net (fo=0)                   0.000     0.000    myClks/inst/clk_in1
    H16                  IBUF (Prop_ibuf_I_O)         0.225     0.225 r  myClks/inst/clkin1_ibufg/O
                         net (fo=1, routed)           0.440     0.665    myClks/inst/clk_in1_clk_wiz_0
    MMCME2_ADV_X0Y1      MMCME2_ADV (Prop_mmcme2_adv_CLKIN1_CLKOUT0)
                                                     -2.268    -1.602 r  myClks/inst/mmcm_adv_inst/CLKOUT0
                         net (fo=1, routed)           0.482    -1.120    myClks/inst/clk_148_5_clk_wiz_0
    BUFGCTRL_X0Y16       BUFG (Prop_bufg_I_O)         0.026    -1.094 r  myClks/inst/clkout1_buf/O
                         net (fo=14, routed)          0.584    -0.511    myVga/clk_148_5
    SLICE_X42Y86         FDRE                                         r  myVga/h_sync_reg/C
  -------------------------------------------------------------------    -------------------
    SLICE_X42Y86         FDRE (Prop_fdre_C_Q)         0.164    -0.347 r  myVga/h_sync_reg/Q
                         net (fo=1, routed)           0.413     0.067    JA3_P_OBUF
    E18                  OBUF (Prop_obuf_I_O)         1.217     1.284 r  JA3_P_OBUF_inst/O
                         net (fo=0)                   0.000     1.284    JA3_P
    E18                                                               r  JA3_P (OUT)
  -------------------------------------------------------------------    -------------------

Slack:                    inf
  Source:                 myVga/h_ctr_reg[11]/C
                            (rising edge-triggered cell FDRE clocked by clk_148_5_clk_wiz_0  {rise@0.000ns fall@3.367ns period=6.734ns})
  Destination:            JA1_N
                            (output port)
  Path Group:             (none)
  Path Type:              Min at Fast Process Corner
  Data Path Delay:        1.924ns  (logic 1.398ns (72.659%)  route 0.526ns (27.341%))
  Logic Levels:           2  (LUT5=1 OBUF=1)
  Clock Uncertainty:      0.357ns  ((TSJ^2 + DJ^2)^1/2) / 2 + PE
    Total System Jitter     (TSJ):    0.050ns
    Discrete Jitter          (DJ):    0.218ns
    Phase Error              (PE):    0.245ns

    Location             Delay type                Incr(ns)  Path(ns)    Netlist Resource(s)
  -------------------------------------------------------------------    -------------------
                         (clock clk_148_5_clk_wiz_0 rise edge)
                                                      0.000     0.000 r  
    H16                                               0.000     0.000 r  clk (IN)
                         net (fo=0)                   0.000     0.000    myClks/inst/clk_in1
    H16                  IBUF (Prop_ibuf_I_O)         0.225     0.225 r  myClks/inst/clkin1_ibufg/O
                         net (fo=1, routed)           0.440     0.665    myClks/inst/clk_in1_clk_wiz_0
    MMCME2_ADV_X0Y1      MMCME2_ADV (Prop_mmcme2_adv_CLKIN1_CLKOUT0)
                                                     -2.268    -1.602 r  myClks/inst/mmcm_adv_inst/CLKOUT0
                         net (fo=1, routed)           0.482    -1.120    myClks/inst/clk_148_5_clk_wiz_0
    BUFGCTRL_X0Y16       BUFG (Prop_bufg_I_O)         0.026    -1.094 r  myClks/inst/clkout1_buf/O
                         net (fo=14, routed)          0.583    -0.512    myVga/clk_148_5
    SLICE_X36Y87         FDRE                                         r  myVga/h_ctr_reg[11]/C
  -------------------------------------------------------------------    -------------------
    SLICE_X36Y87         FDRE (Prop_fdre_C_Q)         0.141    -0.371 f  myVga/h_ctr_reg[11]/Q
                         net (fo=18, routed)          0.187    -0.183    myVga/h_ctr_reg_n_0_[11]
    SLICE_X41Y87         LUT5 (Prop_lut5_I4_O)        0.045    -0.138 r  myVga/JA1_N_OBUF_inst_i_1/O
                         net (fo=1, routed)           0.339     0.201    JA1_N_OBUF
    F17                  OBUF (Prop_obuf_I_O)         1.212     1.413 r  JA1_N_OBUF_inst/O
                         net (fo=0)                   0.000     1.413    JA1_N
    F17                                                               r  JA1_N (OUT)
  -------------------------------------------------------------------    -------------------

Slack:                    inf
  Source:                 myVga/h_ctr_reg[7]/C
                            (rising edge-triggered cell FDRE clocked by clk_148_5_clk_wiz_0  {rise@0.000ns fall@3.367ns period=6.734ns})
  Destination:            JB1_P
                            (output port)
  Path Group:             (none)
  Path Type:              Min at Fast Process Corner
  Data Path Delay:        1.999ns  (logic 1.419ns (70.990%)  route 0.580ns (29.010%))
  Logic Levels:           2  (LUT5=1 OBUF=1)
  Clock Uncertainty:      0.357ns  ((TSJ^2 + DJ^2)^1/2) / 2 + PE
    Total System Jitter     (TSJ):    0.050ns
    Discrete Jitter          (DJ):    0.218ns
    Phase Error              (PE):    0.245ns

    Location             Delay type                Incr(ns)  Path(ns)    Netlist Resource(s)
  -------------------------------------------------------------------    -------------------
                         (clock clk_148_5_clk_wiz_0 rise edge)
                                                      0.000     0.000 r  
    H16                                               0.000     0.000 r  clk (IN)
                         net (fo=0)                   0.000     0.000    myClks/inst/clk_in1
    H16                  IBUF (Prop_ibuf_I_O)         0.225     0.225 r  myClks/inst/clkin1_ibufg/O
                         net (fo=1, routed)           0.440     0.665    myClks/inst/clk_in1_clk_wiz_0
    MMCME2_ADV_X0Y1      MMCME2_ADV (Prop_mmcme2_adv_CLKIN1_CLKOUT0)
                                                     -2.268    -1.602 r  myClks/inst/mmcm_adv_inst/CLKOUT0
                         net (fo=1, routed)           0.482    -1.120    myClks/inst/clk_148_5_clk_wiz_0
    BUFGCTRL_X0Y16       BUFG (Prop_bufg_I_O)         0.026    -1.094 r  myClks/inst/clkout1_buf/O
                         net (fo=14, routed)          0.582    -0.513    myVga/clk_148_5
    SLICE_X36Y86         FDRE                                         r  myVga/h_ctr_reg[7]/C
  -------------------------------------------------------------------    -------------------
    SLICE_X36Y86         FDRE (Prop_fdre_C_Q)         0.141    -0.372 r  myVga/h_ctr_reg[7]/Q
                         net (fo=7, routed)           0.224    -0.147    myVga/x_pos[7]
    SLICE_X42Y89         LUT5 (Prop_lut5_I0_O)        0.045    -0.102 r  myVga/JB1_P_OBUF_inst_i_1/O
                         net (fo=1, routed)           0.355     0.253    JB1_P_OBUF
    D19                  OBUF (Prop_obuf_I_O)         1.233     1.486 r  JB1_P_OBUF_inst/O
                         net (fo=0)                   0.000     1.486    JB1_P
    D19                                                               r  JB1_P (OUT)
  -------------------------------------------------------------------    -------------------

Slack:                    inf
  Source:                 myVga/h_ctr_reg[11]/C
                            (rising edge-triggered cell FDRE clocked by clk_148_5_clk_wiz_0  {rise@0.000ns fall@3.367ns period=6.734ns})
  Destination:            JB1_N
                            (output port)
  Path Group:             (none)
  Path Type:              Min at Fast Process Corner
  Data Path Delay:        2.039ns  (logic 1.417ns (69.493%)  route 0.622ns (30.507%))
  Logic Levels:           2  (LUT5=1 OBUF=1)
  Clock Uncertainty:      0.357ns  ((TSJ^2 + DJ^2)^1/2) / 2 + PE
    Total System Jitter     (TSJ):    0.050ns
    Discrete Jitter          (DJ):    0.218ns
    Phase Error              (PE):    0.245ns

    Location             Delay type                Incr(ns)  Path(ns)    Netlist Resource(s)
  -------------------------------------------------------------------    -------------------
                         (clock clk_148_5_clk_wiz_0 rise edge)
                                                      0.000     0.000 r  
    H16                                               0.000     0.000 r  clk (IN)
                         net (fo=0)                   0.000     0.000    myClks/inst/clk_in1
    H16                  IBUF (Prop_ibuf_I_O)         0.225     0.225 r  myClks/inst/clkin1_ibufg/O
                         net (fo=1, routed)           0.440     0.665    myClks/inst/clk_in1_clk_wiz_0
    MMCME2_ADV_X0Y1      MMCME2_ADV (Prop_mmcme2_adv_CLKIN1_CLKOUT0)
                                                     -2.268    -1.602 r  myClks/inst/mmcm_adv_inst/CLKOUT0
                         net (fo=1, routed)           0.482    -1.120    myClks/inst/clk_148_5_clk_wiz_0
    BUFGCTRL_X0Y16       BUFG (Prop_bufg_I_O)         0.026    -1.094 r  myClks/inst/clkout1_buf/O
                         net (fo=14, routed)          0.583    -0.512    myVga/clk_148_5
    SLICE_X36Y87         FDRE                                         r  myVga/h_ctr_reg[11]/C
  -------------------------------------------------------------------    -------------------
    SLICE_X36Y87         FDRE (Prop_fdre_C_Q)         0.141    -0.371 f  myVga/h_ctr_reg[11]/Q
                         net (fo=18, routed)          0.273    -0.097    myVga/h_ctr_reg_n_0_[11]
    SLICE_X41Y87         LUT5 (Prop_lut5_I4_O)        0.045    -0.052 r  myVga/JB1_N_OBUF_inst_i_1/O
                         net (fo=1, routed)           0.349     0.296    JB1_N_OBUF
    D20                  OBUF (Prop_obuf_I_O)         1.231     1.527 r  JB1_N_OBUF_inst/O
                         net (fo=0)                   0.000     1.527    JB1_N
    D20                                                               r  JB1_N (OUT)
  -------------------------------------------------------------------    -------------------

Slack:                    inf
  Source:                 myVga/h_ctr_reg[11]/C
                            (rising edge-triggered cell FDRE clocked by clk_148_5_clk_wiz_0  {rise@0.000ns fall@3.367ns period=6.734ns})
  Destination:            JB3_N
                            (output port)
  Path Group:             (none)
  Path Type:              Min at Fast Process Corner
  Data Path Delay:        2.057ns  (logic 1.419ns (68.975%)  route 0.638ns (31.025%))
  Logic Levels:           2  (LUT6=1 OBUF=1)
  Clock Uncertainty:      0.357ns  ((TSJ^2 + DJ^2)^1/2) / 2 + PE
    Total System Jitter     (TSJ):    0.050ns
    Discrete Jitter          (DJ):    0.218ns
    Phase Error              (PE):    0.245ns

    Location             Delay type                Incr(ns)  Path(ns)    Netlist Resource(s)
  -------------------------------------------------------------------    -------------------
                         (clock clk_148_5_clk_wiz_0 rise edge)
                                                      0.000     0.000 r  
    H16                                               0.000     0.000 r  clk (IN)
                         net (fo=0)                   0.000     0.000    myClks/inst/clk_in1
    H16                  IBUF (Prop_ibuf_I_O)         0.225     0.225 r  myClks/inst/clkin1_ibufg/O
                         net (fo=1, routed)           0.440     0.665    myClks/inst/clk_in1_clk_wiz_0
    MMCME2_ADV_X0Y1      MMCME2_ADV (Prop_mmcme2_adv_CLKIN1_CLKOUT0)
                                                     -2.268    -1.602 r  myClks/inst/mmcm_adv_inst/CLKOUT0
                         net (fo=1, routed)           0.482    -1.120    myClks/inst/clk_148_5_clk_wiz_0
    BUFGCTRL_X0Y16       BUFG (Prop_bufg_I_O)         0.026    -1.094 r  myClks/inst/clkout1_buf/O
                         net (fo=14, routed)          0.583    -0.512    myVga/clk_148_5
    SLICE_X36Y87         FDRE                                         r  myVga/h_ctr_reg[11]/C
  -------------------------------------------------------------------    -------------------
    SLICE_X36Y87         FDRE (Prop_fdre_C_Q)         0.141    -0.371 f  myVga/h_ctr_reg[11]/Q
                         net (fo=18, routed)          0.188    -0.182    myVga/h_ctr_reg_n_0_[11]
    SLICE_X41Y87         LUT6 (Prop_lut6_I5_O)        0.045    -0.137 r  myVga/JB3_N_OBUF_inst_i_1/O
                         net (fo=1, routed)           0.450     0.313    JB3_N_OBUF
    B20                  OBUF (Prop_obuf_I_O)         1.233     1.545 r  JB3_N_OBUF_inst/O
                         net (fo=0)                   0.000     1.545    JB3_N
    B20                                                               r  JB3_N (OUT)
  -------------------------------------------------------------------    -------------------

Slack:                    inf
  Source:                 myVga/h_ctr_reg[7]/C
                            (rising edge-triggered cell FDRE clocked by clk_148_5_clk_wiz_0  {rise@0.000ns fall@3.367ns period=6.734ns})
  Destination:            JB3_P
                            (output port)
  Path Group:             (none)
  Path Type:              Min at Fast Process Corner
  Data Path Delay:        2.085ns  (logic 1.417ns (67.960%)  route 0.668ns (32.040%))
  Logic Levels:           2  (LUT6=1 OBUF=1)
  Clock Uncertainty:      0.357ns  ((TSJ^2 + DJ^2)^1/2) / 2 + PE
    Total System Jitter     (TSJ):    0.050ns
    Discrete Jitter          (DJ):    0.218ns
    Phase Error              (PE):    0.245ns

    Location             Delay type                Incr(ns)  Path(ns)    Netlist Resource(s)
  -------------------------------------------------------------------    -------------------
                         (clock clk_148_5_clk_wiz_0 rise edge)
                                                      0.000     0.000 r  
    H16                                               0.000     0.000 r  clk (IN)
                         net (fo=0)                   0.000     0.000    myClks/inst/clk_in1
    H16                  IBUF (Prop_ibuf_I_O)         0.225     0.225 r  myClks/inst/clkin1_ibufg/O
                         net (fo=1, routed)           0.440     0.665    myClks/inst/clk_in1_clk_wiz_0
    MMCME2_ADV_X0Y1      MMCME2_ADV (Prop_mmcme2_adv_CLKIN1_CLKOUT0)
                                                     -2.268    -1.602 r  myClks/inst/mmcm_adv_inst/CLKOUT0
                         net (fo=1, routed)           0.482    -1.120    myClks/inst/clk_148_5_clk_wiz_0
    BUFGCTRL_X0Y16       BUFG (Prop_bufg_I_O)         0.026    -1.094 r  myClks/inst/clkout1_buf/O
                         net (fo=14, routed)          0.582    -0.513    myVga/clk_148_5
    SLICE_X36Y86         FDRE                                         r  myVga/h_ctr_reg[7]/C
  -------------------------------------------------------------------    -------------------
    SLICE_X36Y86         FDRE (Prop_fdre_C_Q)         0.141    -0.372 r  myVga/h_ctr_reg[7]/Q
                         net (fo=7, routed)           0.226    -0.145    myVga/x_pos[7]
    SLICE_X42Y89         LUT6 (Prop_lut6_I1_O)        0.045    -0.100 r  myVga/JB3_P_OBUF_inst_i_1/O
                         net (fo=1, routed)           0.442     0.341    JB3_P_OBUF
    C20                  OBUF (Prop_obuf_I_O)         1.231     1.572 r  JB3_P_OBUF_inst/O
                         net (fo=0)                   0.000     1.572    JB3_P
    C20                                                               r  JB3_P (OUT)
  -------------------------------------------------------------------    -------------------

Slack:                    inf
  Source:                 myVga/h_ctr_reg[10]/C
                            (rising edge-triggered cell FDRE clocked by clk_148_5_clk_wiz_0  {rise@0.000ns fall@3.367ns period=6.734ns})
  Destination:            JB4_N
                            (output port)
  Path Group:             (none)
  Path Type:              Min at Fast Process Corner
  Data Path Delay:        2.138ns  (logic 1.425ns (66.681%)  route 0.712ns (33.319%))
  Logic Levels:           2  (LUT6=1 OBUF=1)
  Clock Uncertainty:      0.357ns  ((TSJ^2 + DJ^2)^1/2) / 2 + PE
    Total System Jitter     (TSJ):    0.050ns
    Discrete Jitter          (DJ):    0.218ns
    Phase Error              (PE):    0.245ns

    Location             Delay type                Incr(ns)  Path(ns)    Netlist Resource(s)
  -------------------------------------------------------------------    -------------------
                         (clock clk_148_5_clk_wiz_0 rise edge)
                                                      0.000     0.000 r  
    H16                                               0.000     0.000 r  clk (IN)
                         net (fo=0)                   0.000     0.000    myClks/inst/clk_in1
    H16                  IBUF (Prop_ibuf_I_O)         0.225     0.225 r  myClks/inst/clkin1_ibufg/O
                         net (fo=1, routed)           0.440     0.665    myClks/inst/clk_in1_clk_wiz_0
    MMCME2_ADV_X0Y1      MMCME2_ADV (Prop_mmcme2_adv_CLKIN1_CLKOUT0)
                                                     -2.268    -1.602 r  myClks/inst/mmcm_adv_inst/CLKOUT0
                         net (fo=1, routed)           0.482    -1.120    myClks/inst/clk_148_5_clk_wiz_0
    BUFGCTRL_X0Y16       BUFG (Prop_bufg_I_O)         0.026    -1.094 r  myClks/inst/clkout1_buf/O
                         net (fo=14, routed)          0.583    -0.512    myVga/clk_148_5
    SLICE_X36Y87         FDRE                                         r  myVga/h_ctr_reg[10]/C
  -------------------------------------------------------------------    -------------------
    SLICE_X36Y87         FDRE (Prop_fdre_C_Q)         0.141    -0.371 r  myVga/h_ctr_reg[10]/Q
                         net (fo=8, routed)           0.237    -0.133    myVga/x_pos[10]
    SLICE_X42Y87         LUT6 (Prop_lut6_I1_O)        0.045    -0.088 r  myVga/JB4_N_OBUF_inst_i_1/O
                         net (fo=1, routed)           0.475     0.387    JB4_N_OBUF
    A20                  OBUF (Prop_obuf_I_O)         1.239     1.626 r  JB4_N_OBUF_inst/O
                         net (fo=0)                   0.000     1.626    JB4_N
    A20                                                               r  JB4_N (OUT)
  -------------------------------------------------------------------    -------------------

Slack:                    inf
  Source:                 myVga/h_ctr_reg[11]/C
                            (rising edge-triggered cell FDRE clocked by clk_148_5_clk_wiz_0  {rise@0.000ns fall@3.367ns period=6.734ns})
  Destination:            JA1_P
                            (output port)
  Path Group:             (none)
  Path Type:              Min at Fast Process Corner
  Data Path Delay:        2.171ns  (logic 1.401ns (64.541%)  route 0.770ns (35.459%))
  Logic Levels:           2  (LUT5=1 OBUF=1)
  Clock Uncertainty:      0.357ns  ((TSJ^2 + DJ^2)^1/2) / 2 + PE
    Total System Jitter     (TSJ):    0.050ns
    Discrete Jitter          (DJ):    0.218ns
    Phase Error              (PE):    0.245ns

    Location             Delay type                Incr(ns)  Path(ns)    Netlist Resource(s)
  -------------------------------------------------------------------    -------------------
                         (clock clk_148_5_clk_wiz_0 rise edge)
                                                      0.000     0.000 r  
    H16                                               0.000     0.000 r  clk (IN)
                         net (fo=0)                   0.000     0.000    myClks/inst/clk_in1
    H16                  IBUF (Prop_ibuf_I_O)         0.225     0.225 r  myClks/inst/clkin1_ibufg/O
                         net (fo=1, routed)           0.440     0.665    myClks/inst/clk_in1_clk_wiz_0
    MMCME2_ADV_X0Y1      MMCME2_ADV (Prop_mmcme2_adv_CLKIN1_CLKOUT0)
                                                     -2.268    -1.602 r  myClks/inst/mmcm_adv_inst/CLKOUT0
                         net (fo=1, routed)           0.482    -1.120    myClks/inst/clk_148_5_clk_wiz_0
    BUFGCTRL_X0Y16       BUFG (Prop_bufg_I_O)         0.026    -1.094 r  myClks/inst/clkout1_buf/O
                         net (fo=14, routed)          0.583    -0.512    myVga/clk_148_5
    SLICE_X36Y87         FDRE                                         r  myVga/h_ctr_reg[11]/C
  -------------------------------------------------------------------    -------------------
    SLICE_X36Y87         FDRE (Prop_fdre_C_Q)         0.141    -0.371 f  myVga/h_ctr_reg[11]/Q
                         net (fo=18, routed)          0.433     0.063    myVga/h_ctr_reg_n_0_[11]
    SLICE_X42Y87         LUT5 (Prop_lut5_I4_O)        0.045     0.108 r  myVga/JA1_P_OBUF_inst_i_1/O
                         net (fo=1, routed)           0.337     0.444    JA1_P_OBUF
    F16                  OBUF (Prop_obuf_I_O)         1.215     1.659 r  JA1_P_OBUF_inst/O
                         net (fo=0)                   0.000     1.659    JA1_P
    F16                                                               r  JA1_P (OUT)
  -------------------------------------------------------------------    -------------------

Slack:                    inf
  Source:                 myVga/h_ctr_reg[11]/C
                            (rising edge-triggered cell FDRE clocked by clk_148_5_clk_wiz_0  {rise@0.000ns fall@3.367ns period=6.734ns})
  Destination:            JB4_P
                            (output port)
  Path Group:             (none)
  Path Type:              Min at Fast Process Corner
  Data Path Delay:        2.201ns  (logic 1.422ns (64.586%)  route 0.780ns (35.414%))
  Logic Levels:           2  (LUT6=1 OBUF=1)
  Clock Uncertainty:      0.357ns  ((TSJ^2 + DJ^2)^1/2) / 2 + PE
    Total System Jitter     (TSJ):    0.050ns
    Discrete Jitter          (DJ):    0.218ns
    Phase Error              (PE):    0.245ns

    Location             Delay type                Incr(ns)  Path(ns)    Netlist Resource(s)
  -------------------------------------------------------------------    -------------------
                         (clock clk_148_5_clk_wiz_0 rise edge)
                                                      0.000     0.000 r  
    H16                                               0.000     0.000 r  clk (IN)
                         net (fo=0)                   0.000     0.000    myClks/inst/clk_in1
    H16                  IBUF (Prop_ibuf_I_O)         0.225     0.225 r  myClks/inst/clkin1_ibufg/O
                         net (fo=1, routed)           0.440     0.665    myClks/inst/clk_in1_clk_wiz_0
    MMCME2_ADV_X0Y1      MMCME2_ADV (Prop_mmcme2_adv_CLKIN1_CLKOUT0)
                                                     -2.268    -1.602 r  myClks/inst/mmcm_adv_inst/CLKOUT0
                         net (fo=1, routed)           0.482    -1.120    myClks/inst/clk_148_5_clk_wiz_0
    BUFGCTRL_X0Y16       BUFG (Prop_bufg_I_O)         0.026    -1.094 r  myClks/inst/clkout1_buf/O
                         net (fo=14, routed)          0.583    -0.512    myVga/clk_148_5
    SLICE_X36Y87         FDRE                                         r  myVga/h_ctr_reg[11]/C
  -------------------------------------------------------------------    -------------------
    SLICE_X36Y87         FDRE (Prop_fdre_C_Q)         0.141    -0.371 f  myVga/h_ctr_reg[11]/Q
                         net (fo=18, routed)          0.345    -0.025    myVga/h_ctr_reg_n_0_[11]
    SLICE_X41Y86         LUT6 (Prop_lut6_I5_O)        0.045     0.020 r  myVga/JB4_P_OBUF_inst_i_1/O
                         net (fo=1, routed)           0.435     0.454    JB4_P_OBUF
    B19                  OBUF (Prop_obuf_I_O)         1.236     1.690 r  JB4_P_OBUF_inst/O
                         net (fo=0)                   0.000     1.690    JB4_P
    B19                                                               r  JB4_P (OUT)
  -------------------------------------------------------------------    -------------------

Slack:                    inf
  Source:                 myVga/h_ctr_reg[9]/C
                            (rising edge-triggered cell FDRE clocked by clk_148_5_clk_wiz_0  {rise@0.000ns fall@3.367ns period=6.734ns})
  Destination:            JB2_P
                            (output port)
  Path Group:             (none)
  Path Type:              Min at Fast Process Corner
  Data Path Delay:        2.279ns  (logic 1.409ns (61.822%)  route 0.870ns (38.178%))
  Logic Levels:           2  (LUT5=1 OBUF=1)
  Clock Uncertainty:      0.357ns  ((TSJ^2 + DJ^2)^1/2) / 2 + PE
    Total System Jitter     (TSJ):    0.050ns
    Discrete Jitter          (DJ):    0.218ns
    Phase Error              (PE):    0.245ns

    Location             Delay type                Incr(ns)  Path(ns)    Netlist Resource(s)
  -------------------------------------------------------------------    -------------------
                         (clock clk_148_5_clk_wiz_0 rise edge)
                                                      0.000     0.000 r  
    H16                                               0.000     0.000 r  clk (IN)
                         net (fo=0)                   0.000     0.000    myClks/inst/clk_in1
    H16                  IBUF (Prop_ibuf_I_O)         0.225     0.225 r  myClks/inst/clkin1_ibufg/O
                         net (fo=1, routed)           0.440     0.665    myClks/inst/clk_in1_clk_wiz_0
    MMCME2_ADV_X0Y1      MMCME2_ADV (Prop_mmcme2_adv_CLKIN1_CLKOUT0)
                                                     -2.268    -1.602 r  myClks/inst/mmcm_adv_inst/CLKOUT0
                         net (fo=1, routed)           0.482    -1.120    myClks/inst/clk_148_5_clk_wiz_0
    BUFGCTRL_X0Y16       BUFG (Prop_bufg_I_O)         0.026    -1.094 r  myClks/inst/clkout1_buf/O
                         net (fo=14, routed)          0.583    -0.512    myVga/clk_148_5
    SLICE_X36Y87         FDRE                                         r  myVga/h_ctr_reg[9]/C
  -------------------------------------------------------------------    -------------------
    SLICE_X36Y87         FDRE (Prop_fdre_C_Q)         0.141    -0.371 r  myVga/h_ctr_reg[9]/Q
                         net (fo=7, routed)           0.314    -0.057    myVga/x_pos[9]
    SLICE_X42Y86         LUT5 (Prop_lut5_I0_O)        0.045    -0.012 r  myVga/JB2_P_OBUF_inst_i_1/O
                         net (fo=1, routed)           0.557     0.545    JB2_P_OBUF
    F19                  OBUF (Prop_obuf_I_O)         1.223     1.768 r  JB2_P_OBUF_inst/O
                         net (fo=0)                   0.000     1.768    JB2_P
    F19                                                               r  JB2_P (OUT)
  -------------------------------------------------------------------    -------------------





--------------------------------------------------------------------------------------
Path Group:  (none)
From Clock:  clkfbout_clk_wiz_0
  To Clock:  

Max Delay             1 Endpoint
Min Delay             1 Endpoint
--------------------------------------------------------------------------------------


Max Delay Paths
--------------------------------------------------------------------------------------
Slack:                    inf
  Source:                 myClks/inst/mmcm_adv_inst/CLKFBOUT
                            (clock source 'clkfbout_clk_wiz_0'  {rise@0.000ns fall@20.000ns period=40.000ns})
  Destination:            myClks/inst/mmcm_adv_inst/CLKFBIN
  Path Group:             (none)
  Path Type:              Max at Slow Process Corner
  Data Path Delay:        3.524ns  (logic 0.101ns (2.866%)  route 3.423ns (97.134%))
  Logic Levels:           1  (BUFG=1)
  Clock Uncertainty:      0.331ns  ((TSJ^2 + DJ^2)^1/2) / 2 + PE
    Total System Jitter     (TSJ):    0.050ns
    Discrete Jitter          (DJ):    0.165ns
    Phase Error              (PE):    0.245ns

    Location             Delay type                Incr(ns)  Path(ns)    Netlist Resource(s)
  -------------------------------------------------------------------    -------------------
                         (clock clkfbout_clk_wiz_0 fall edge)
                                                     20.000    20.000 f  
    H16                                               0.000    20.000 f  clk (IN)
                         net (fo=0)                   0.000    20.000    myClks/inst/clk_in1
    H16                  IBUF (Prop_ibuf_I_O)         1.457    21.457 f  myClks/inst/clkin1_ibufg/O
                         net (fo=1, routed)           1.285    22.742    myClks/inst/clk_in1_clk_wiz_0
  -------------------------------------------------------------------    -------------------
    MMCME2_ADV_X0Y1      MMCME2_ADV (Prop_mmcme2_adv_CLKIN1_CLKFBOUT)
                                                     -6.996    15.746 f  myClks/inst/mmcm_adv_inst/CLKFBOUT
                         net (fo=1, routed)           1.760    17.506    myClks/inst/clkfbout_clk_wiz_0
    BUFGCTRL_X0Y17       BUFG (Prop_bufg_I_O)         0.101    17.607 f  myClks/inst/clkf_buf/O
                         net (fo=1, routed)           1.663    19.270    myClks/inst/clkfbout_buf_clk_wiz_0
    MMCME2_ADV_X0Y1      MMCME2_ADV                                   f  myClks/inst/mmcm_adv_inst/CLKFBIN
  -------------------------------------------------------------------    -------------------





Min Delay Paths
--------------------------------------------------------------------------------------
Slack:                    inf
  Source:                 myClks/inst/mmcm_adv_inst/CLKFBOUT
                            (clock source 'clkfbout_clk_wiz_0'  {rise@0.000ns fall@20.000ns period=40.000ns})
  Destination:            myClks/inst/mmcm_adv_inst/CLKFBIN
  Path Group:             (none)
  Path Type:              Min at Slow Process Corner
  Data Path Delay:        3.164ns  (logic 0.091ns (2.876%)  route 3.073ns (97.124%))
  Logic Levels:           1  (BUFG=1)
  Clock Uncertainty:      0.331ns  ((TSJ^2 + DJ^2)^1/2) / 2 + PE
    Total System Jitter     (TSJ):    0.050ns
    Discrete Jitter          (DJ):    0.165ns
    Phase Error              (PE):    0.245ns

    Location             Delay type                Incr(ns)  Path(ns)    Netlist Resource(s)
  -------------------------------------------------------------------    -------------------
                         (clock clkfbout_clk_wiz_0 rise edge)
                                                      0.000     0.000 r  
    H16                                               0.000     0.000 r  clk (IN)
                         net (fo=0)                   0.000     0.000    myClks/inst/clk_in1
    H16                  IBUF (Prop_ibuf_I_O)         1.387     1.387 r  myClks/inst/clkin1_ibufg/O
                         net (fo=1, routed)           1.162     2.549    myClks/inst/clk_in1_clk_wiz_0
  -------------------------------------------------------------------    -------------------
    MMCME2_ADV_X0Y1      MMCME2_ADV (Prop_mmcme2_adv_CLKIN1_CLKFBOUT)
                                                     -7.105    -4.556 r  myClks/inst/mmcm_adv_inst/CLKFBOUT
                         net (fo=1, routed)           1.599    -2.957    myClks/inst/clkfbout_clk_wiz_0
    BUFGCTRL_X0Y17       BUFG (Prop_bufg_I_O)         0.091    -2.866 r  myClks/inst/clkf_buf/O
                         net (fo=1, routed)           1.474    -1.392    myClks/inst/clkfbout_buf_clk_wiz_0
    MMCME2_ADV_X0Y1      MMCME2_ADV                                   r  myClks/inst/mmcm_adv_inst/CLKFBIN
  -------------------------------------------------------------------    -------------------





